grid_x,grid_y,layer,direction,x,y
8115.0,1290.0,out,top,8115.000000000002,1283.0000000000002
15885.0,1290.0,out,top,15887.000000000004,1283.0000000000002
15825.0,1290.0,out,top,15829.000000000004,1283.0000000000002
15765.0,1290.0,out,top,15771.000000000004,1283.0000000000002
15720.0,1290.0,out,top,15713.000000000004,1283.0000000000002
15660.0,1290.0,out,top,15655.000000000004,1283.0000000000002
15600.0,1290.0,out,top,15597.000000000004,1283.0000000000002
15540.0,1290.0,out,top,15539.000000000004,1283.0000000000002
15480.0,1290.0,out,top,15481.000000000004,1283.0000000000002
15420.0,1290.0,out,top,15423.000000000004,1283.0000000000002
15360.0,1290.0,out,top,15365.000000000004,1283.0000000000002
15300.0,1290.0,out,top,15307.000000000004,1283.0000000000002
15255.0,1290.0,out,top,15249.000000000004,1283.0000000000002
15195.0,1290.0,out,top,15191.000000000004,1283.0000000000002
15135.0,1290.0,out,top,15133.000000000004,1283.0000000000002
15075.0,1290.0,out,top,15075.000000000004,1283.0000000000002
15015.0,1290.0,out,top,15017.000000000004,1283.0000000000002
14955.0,1290.0,out,top,14959.000000000004,1283.0000000000002
14895.0,1290.0,out,top,14901.000000000004,1283.0000000000002
14850.0,1290.0,out,top,14843.000000000004,1283.0000000000002
14790.0,1290.0,out,top,14785.000000000004,1283.0000000000002
14730.0,1290.0,out,top,14727.000000000004,1283.0000000000002
14670.0,1290.0,out,top,14669.000000000004,1283.0000000000002
14610.0,1290.0,out,top,14611.000000000004,1283.0000000000002
14550.0,1290.0,out,top,14553.000000000004,1283.0000000000002
14490.0,1290.0,out,top,14495.000000000004,1283.0000000000002
14430.0,1290.0,out,top,14437.000000000004,1283.0000000000002
14385.0,1290.0,out,top,14379.000000000004,1283.0000000000002
14325.0,1290.0,out,top,14321.000000000004,1283.0000000000002
14265.0,1290.0,out,top,14263.000000000004,1283.0000000000002
14205.0,1290.0,out,top,14205.000000000004,1283.0000000000002
14145.0,1290.0,out,top,14147.000000000004,1283.0000000000002
14085.0,1290.0,out,top,14089.000000000004,1283.0000000000002
14025.0,1290.0,out,top,14031.000000000004,1283.0000000000002
13980.0,1290.0,out,top,13973.000000000004,1283.0000000000002
13920.0,1290.0,out,top,13915.000000000004,1283.0000000000002
13860.0,1290.0,out,top,13857.000000000004,1283.0000000000002
13800.0,1290.0,out,top,13799.000000000004,1283.0000000000002
13740.0,1290.0,out,top,13741.000000000004,1283.0000000000002
13680.0,1290.0,out,top,13683.000000000004,1283.0000000000002
13620.0,1290.0,out,top,13625.000000000004,1283.0000000000002
13560.0,1290.0,out,top,13567.000000000004,1283.0000000000002
13515.0,1290.0,out,top,13509.000000000004,1283.0000000000002
13455.0,1290.0,out,top,13451.000000000004,1283.0000000000002
13395.0,1290.0,out,top,13393.000000000004,1283.0000000000002
13335.0,1290.0,out,top,13335.000000000004,1283.0000000000002
13275.0,1290.0,out,top,13277.000000000004,1283.0000000000002
13215.0,1290.0,out,top,13219.000000000004,1283.0000000000002
13155.0,1290.0,out,top,13161.000000000004,1283.0000000000002
13110.0,1290.0,out,top,13103.000000000004,1283.0000000000002
13050.0,1290.0,out,top,13045.000000000004,1283.0000000000002
12990.0,1290.0,out,top,12987.000000000004,1283.0000000000002
12930.0,1290.0,out,top,12929.000000000004,1283.0000000000002
12870.0,1290.0,out,top,12871.000000000004,1283.0000000000002
12810.0,1290.0,out,top,12813.000000000004,1283.0000000000002
12750.0,1290.0,out,top,12755.000000000004,1283.0000000000002
12690.0,1290.0,out,top,12697.000000000004,1283.0000000000002
12645.0,1290.0,out,top,12639.000000000004,1283.0000000000002
12585.0,1290.0,out,top,12581.000000000004,1283.0000000000002
12525.0,1290.0,out,top,12523.000000000004,1283.0000000000002
12465.0,1290.0,out,top,12465.000000000004,1283.0000000000002
12405.0,1290.0,out,top,12407.000000000004,1283.0000000000002
12345.0,1290.0,out,top,12349.000000000004,1283.0000000000002
12285.0,1290.0,out,top,12291.000000000004,1283.0000000000002
12240.0,1290.0,out,top,12233.000000000004,1283.0000000000002
12180.0,1290.0,out,top,12175.000000000004,1283.0000000000002
12120.0,1290.0,out,top,12117.000000000004,1283.0000000000002
12060.0,1290.0,out,top,12059.000000000004,1283.0000000000002
8400.0,1290.0,out,top,8405.000000000002,1283.0000000000002
8340.0,1290.0,out,top,8347.000000000002,1283.0000000000002
8295.0,1290.0,out,top,8289.000000000002,1283.0000000000002
8235.0,1290.0,out,top,8231.000000000002,1283.0000000000002
8175.0,1290.0,out,top,8173.000000000002,1283.0000000000002
9330.0,1290.0,out,top,9333.000000000002,1283.0000000000002
9270.0,1290.0,out,top,9275.000000000002,1283.0000000000002
9210.0,1290.0,out,top,9217.000000000002,1283.0000000000002
9165.0,1290.0,out,top,9159.000000000002,1283.0000000000002
9105.0,1290.0,out,top,9101.000000000002,1283.0000000000002
9045.0,1290.0,out,top,9043.000000000002,1283.0000000000002
8985.0,1290.0,out,top,8985.000000000002,1283.0000000000002
8925.0,1290.0,out,top,8927.000000000002,1283.0000000000002
8865.0,1290.0,out,top,8869.000000000002,1283.0000000000002
8805.0,1290.0,out,top,8811.000000000002,1283.0000000000002
8760.0,1290.0,out,top,8753.000000000002,1283.0000000000002
8700.0,1290.0,out,top,8695.000000000002,1283.0000000000002
8640.0,1290.0,out,top,8637.000000000002,1283.0000000000002
8580.0,1290.0,out,top,8579.000000000002,1283.0000000000002
8520.0,1290.0,out,top,8521.000000000002,1283.0000000000002
8460.0,1290.0,out,top,8463.000000000002,1283.0000000000002
12000.0,1290.0,out,top,12001.000000000004,1283.0000000000002
11940.0,1290.0,out,top,11943.000000000004,1283.0000000000002
11880.0,1290.0,out,top,11885.000000000004,1283.0000000000002
11820.0,1290.0,out,top,11827.000000000004,1283.0000000000002
11775.0,1290.0,out,top,11769.000000000004,1283.0000000000002
11715.0,1290.0,out,top,11711.000000000004,1283.0000000000002
11655.0,1290.0,out,top,11653.000000000004,1283.0000000000002
11595.0,1290.0,out,top,11595.000000000004,1283.0000000000002
11535.0,1290.0,out,top,11537.000000000004,1283.0000000000002
11475.0,1290.0,out,top,11479.000000000002,1283.0000000000002
11415.0,1290.0,out,top,11421.000000000002,1283.0000000000002
11370.0,1290.0,out,top,11363.000000000002,1283.0000000000002
11310.0,1290.0,out,top,11305.000000000002,1283.0000000000002
11250.0,1290.0,out,top,11247.000000000002,1283.0000000000002
11190.0,1290.0,out,top,11189.000000000002,1283.0000000000002
11130.0,1290.0,out,top,11131.000000000002,1283.0000000000002
11070.0,1290.0,out,top,11073.000000000002,1283.0000000000002
11010.0,1290.0,out,top,11015.000000000002,1283.0000000000002
10950.0,1290.0,out,top,10957.000000000002,1283.0000000000002
10905.0,1290.0,out,top,10899.000000000002,1283.0000000000002
10845.0,1290.0,out,top,10841.000000000002,1283.0000000000002
10785.0,1290.0,out,top,10783.000000000002,1283.0000000000002
10725.0,1290.0,out,top,10725.000000000002,1283.0000000000002
10665.0,1290.0,out,top,10667.000000000002,1283.0000000000002
10605.0,1290.0,out,top,10609.000000000002,1283.0000000000002
10545.0,1290.0,out,top,10551.000000000002,1283.0000000000002
10500.0,1290.0,out,top,10493.000000000002,1283.0000000000002
10440.0,1290.0,out,top,10435.000000000002,1283.0000000000002
10380.0,1290.0,out,top,10377.000000000002,1283.0000000000002
10320.0,1290.0,out,top,10319.000000000002,1283.0000000000002
10260.0,1290.0,out,top,10261.000000000002,1283.0000000000002
10200.0,1290.0,out,top,10203.000000000002,1283.0000000000002
10140.0,1290.0,out,top,10145.000000000002,1283.0000000000002
10080.0,1290.0,out,top,10087.000000000002,1283.0000000000002
10035.0,1290.0,out,top,10029.000000000002,1283.0000000000002
9975.0,1290.0,out,top,9971.000000000002,1283.0000000000002
9915.0,1290.0,out,top,9913.000000000002,1283.0000000000002
9855.0,1290.0,out,top,9855.000000000002,1283.0000000000002
9795.0,1290.0,out,top,9797.000000000002,1283.0000000000002
9735.0,1290.0,out,top,9739.000000000002,1283.0000000000002
9675.0,1290.0,out,top,9681.000000000002,1283.0000000000002
9630.0,1290.0,out,top,9623.000000000002,1283.0000000000002
9570.0,1290.0,out,top,9565.000000000002,1283.0000000000002
9510.0,1290.0,out,top,9507.000000000002,1283.0000000000002
9450.0,1290.0,out,top,9449.000000000002,1283.0000000000002
9390.0,1290.0,out,top,9391.000000000002,1283.0000000000002
5850.0,1290.0,out,top,5853.000000000002,1283.0000000000002
5790.0,1290.0,out,top,5795.000000000002,1283.0000000000002
8055.0,1290.0,out,top,8057.000000000002,1283.0000000000002
7995.0,1290.0,out,top,7999.000000000002,1283.0000000000002
7935.0,1290.0,out,top,7941.000000000002,1283.0000000000002
7890.0,1290.0,out,top,7883.000000000002,1283.0000000000002
7830.0,1290.0,out,top,7825.000000000002,1283.0000000000002
7770.0,1290.0,out,top,7767.000000000002,1283.0000000000002
7710.0,1290.0,out,top,7709.000000000002,1283.0000000000002
7650.0,1290.0,out,top,7651.000000000002,1283.0000000000002
7590.0,1290.0,out,top,7593.000000000002,1283.0000000000002
7530.0,1290.0,out,top,7535.000000000002,1283.0000000000002
7470.0,1290.0,out,top,7477.000000000002,1283.0000000000002
7425.0,1290.0,out,top,7419.000000000002,1283.0000000000002
7365.0,1290.0,out,top,7361.000000000002,1283.0000000000002
7305.0,1290.0,out,top,7303.000000000002,1283.0000000000002
7245.0,1290.0,out,top,7245.000000000002,1283.0000000000002
7185.0,1290.0,out,top,7187.000000000002,1283.0000000000002
7125.0,1290.0,out,top,7129.000000000002,1283.0000000000002
7065.0,1290.0,out,top,7071.000000000002,1283.0000000000002
7020.0,1290.0,out,top,7013.000000000002,1283.0000000000002
6960.0,1290.0,out,top,6955.000000000002,1283.0000000000002
6900.0,1290.0,out,top,6897.000000000002,1283.0000000000002
6840.0,1290.0,out,top,6839.000000000002,1283.0000000000002
6780.0,1290.0,out,top,6781.000000000002,1283.0000000000002
6720.0,1290.0,out,top,6723.000000000002,1283.0000000000002
6660.0,1290.0,out,top,6665.000000000002,1283.0000000000002
6600.0,1290.0,out,top,6607.000000000002,1283.0000000000002
6555.0,1290.0,out,top,6549.000000000002,1283.0000000000002
6495.0,1290.0,out,top,6491.000000000002,1283.0000000000002
6435.0,1290.0,out,top,6433.000000000002,1283.0000000000002
6375.0,1290.0,out,top,6375.000000000002,1283.0000000000002
6315.0,1290.0,out,top,6317.000000000002,1283.0000000000002
6255.0,1290.0,out,top,6259.000000000002,1283.0000000000002
6195.0,1290.0,out,top,6201.000000000002,1283.0000000000002
6150.0,1290.0,out,top,6143.000000000002,1283.0000000000002
6090.0,1290.0,out,top,6085.000000000002,1283.0000000000002
6030.0,1290.0,out,top,6027.000000000002,1283.0000000000002
5970.0,1290.0,out,top,5969.000000000002,1283.0000000000002
5910.0,1290.0,out,top,5911.000000000002,1283.0000000000002
2610.0,1290.0,out,top,2605.0000000000005,1283.0000000000002
405.0,1290.0,out,top,401.0000000000001,1283.0000000000002
465.0,1290.0,out,top,459.0000000000001,1283.0000000000002
510.0,1290.0,out,top,517.0000000000001,1283.0000000000002
570.0,1290.0,out,top,575.0000000000001,1283.0000000000002
630.0,1290.0,out,top,633.0000000000001,1283.0000000000002
690.0,1290.0,out,top,691.0000000000001,1283.0000000000002
750.0,1290.0,out,top,749.0000000000002,1283.0000000000002
810.0,1290.0,out,top,807.0000000000002,1283.0000000000002
870.0,1290.0,out,top,865.0000000000002,1283.0000000000002
930.0,1290.0,out,top,923.0000000000002,1283.0000000000002
975.0,1290.0,out,top,981.0000000000002,1283.0000000000002
1845.0,1290.0,out,top,1851.0000000000005,1283.0000000000002
1035.0,1290.0,out,top,1039.0000000000002,1283.0000000000002
1905.0,1290.0,out,top,1909.0000000000005,1283.0000000000002
1095.0,1290.0,out,top,1097.0000000000002,1283.0000000000002
1965.0,1290.0,out,top,1967.0000000000005,1283.0000000000002
1155.0,1290.0,out,top,1155.0000000000002,1283.0000000000002
2025.0,1290.0,out,top,2025.0000000000005,1283.0000000000002
1215.0,1290.0,out,top,1213.0000000000002,1283.0000000000002
2085.0,1290.0,out,top,2083.0000000000005,1283.0000000000002
1275.0,1290.0,out,top,1271.0000000000002,1283.0000000000002
2145.0,1290.0,out,top,2141.0000000000005,1283.0000000000002
1335.0,1290.0,out,top,1329.0000000000002,1283.0000000000002
2205.0,1290.0,out,top,2199.0000000000005,1283.0000000000002
1380.0,1290.0,out,top,1387.0000000000002,1283.0000000000002
2250.0,1290.0,out,top,2257.0000000000005,1283.0000000000002
1440.0,1290.0,out,top,1445.0000000000005,1283.0000000000002
2310.0,1290.0,out,top,2315.0000000000005,1283.0000000000002
1500.0,1290.0,out,top,1503.0000000000005,1283.0000000000002
2370.0,1290.0,out,top,2373.0000000000005,1283.0000000000002
1560.0,1290.0,out,top,1561.0000000000005,1283.0000000000002
2430.0,1290.0,out,top,2431.0000000000005,1283.0000000000002
1620.0,1290.0,out,top,1619.0000000000005,1283.0000000000002
2490.0,1290.0,out,top,2489.0000000000005,1283.0000000000002
1680.0,1290.0,out,top,1677.0000000000005,1283.0000000000002
2550.0,1290.0,out,top,2547.0000000000005,1283.0000000000002
1740.0,1290.0,out,top,1735.0000000000005,1283.0000000000002
1800.0,1290.0,out,top,1793.0000000000005,1283.0000000000002
315.0,675.0,out,left,317.00000000000006,675.0000000000001
315.0,735.0,out,left,317.00000000000006,733.0000000000002
315.0,795.0,out,left,317.00000000000006,791.0000000000002
315.0,855.0,out,left,317.00000000000006,849.0000000000002
315.0,900.0,out,left,317.00000000000006,907.0000000000002
315.0,960.0,out,left,317.00000000000006,965.0000000000002
315.0,1020.0,out,left,317.00000000000006,1023.0000000000002
315.0,1080.0,out,left,317.00000000000006,1081.0000000000002
315.0,1140.0,out,left,317.00000000000006,1139.0000000000002
315.0,1200.0,out,left,317.00000000000006,1197.0000000000002
315.0,1260.0,out,left,317.00000000000006,1255.0000000000002
315.0,390.0,out,left,317.00000000000006,385.0000000000001
315.0,-15.0,out,left,317.00000000000006,-21.000000000000004
315.0,450.0,out,left,317.00000000000006,443.0000000000001
315.0,210.0,out,left,317.00000000000006,211.00000000000006
315.0,495.0,out,left,317.00000000000006,501.0000000000001
315.0,90.0,out,left,317.00000000000006,95.00000000000003
315.0,555.0,out,left,317.00000000000006,559.0000000000001
315.0,270.0,out,left,317.00000000000006,269.00000000000006
315.0,615.0,out,left,317.00000000000006,617.0000000000001
315.0,30.0,out,left,317.00000000000006,37.00000000000001
315.0,330.0,out,left,317.00000000000006,327.00000000000006
315.0,150.0,out,left,317.00000000000006,153.00000000000003
315.0,-1125.0,out,left,317.00000000000006,-1123.0000000000002
315.0,-1065.0,out,left,317.00000000000006,-1065.0000000000002
315.0,-1350.0,out,left,317.00000000000006,-1355.0000000000002
315.0,-1290.0,out,left,317.00000000000006,-1297.0000000000002
315.0,-1005.0,out,left,317.00000000000006,-1007.0000000000002
315.0,-945.0,out,left,317.00000000000006,-949.0000000000002
315.0,-885.0,out,left,317.00000000000006,-891.0000000000002
315.0,-840.0,out,left,317.00000000000006,-833.0000000000002
315.0,-780.0,out,left,317.00000000000006,-775.0000000000002
315.0,-720.0,out,left,317.00000000000006,-717.0000000000001
315.0,-660.0,out,left,317.00000000000006,-659.0000000000001
315.0,-600.0,out,left,317.00000000000006,-601.0000000000001
315.0,-540.0,out,left,317.00000000000006,-543.0000000000001
315.0,-1410.0,out,left,317.00000000000006,-1413.0000000000002
315.0,-480.0,out,left,317.00000000000006,-485.0000000000001
315.0,-420.0,out,left,317.00000000000006,-427.0000000000001
315.0,-375.0,out,left,317.00000000000006,-369.0000000000001
315.0,-315.0,out,left,317.00000000000006,-311.00000000000006
315.0,-255.0,out,left,317.00000000000006,-253.00000000000006
315.0,-195.0,out,left,317.00000000000006,-195.00000000000006
315.0,-135.0,out,left,317.00000000000006,-137.00000000000003
315.0,-75.0,out,left,317.00000000000006,-79.00000000000001
315.0,-1245.0,out,left,317.00000000000006,-1239.0000000000002
315.0,-1185.0,out,left,317.00000000000006,-1181.0000000000002
15885.0,1200.0,out,right,15883.000000000004,1197.0000000000002
15885.0,1140.0,out,right,15883.000000000004,1139.0000000000002
15885.0,1080.0,out,right,15883.000000000004,1081.0000000000002
15885.0,1020.0,out,right,15883.000000000004,1023.0000000000002
15885.0,960.0,out,right,15883.000000000004,965.0000000000002
15885.0,900.0,out,right,15883.000000000004,907.0000000000002
15885.0,855.0,out,right,15883.000000000004,849.0000000000002
15885.0,795.0,out,right,15883.000000000004,791.0000000000002
15885.0,735.0,out,right,15883.000000000004,733.0000000000002
15885.0,675.0,out,right,15883.000000000004,675.0000000000001
15885.0,1260.0,out,right,15883.000000000004,1255.0000000000002
15885.0,390.0,out,right,15883.000000000004,385.0000000000001
15885.0,330.0,out,right,15883.000000000004,327.00000000000006
15885.0,270.0,out,right,15883.000000000004,269.00000000000006
15885.0,210.0,out,right,15883.000000000004,211.00000000000006
15885.0,150.0,out,right,15883.000000000004,153.00000000000003
15885.0,90.0,out,right,15883.000000000004,95.00000000000003
15885.0,615.0,out,right,15883.000000000004,617.0000000000001
15885.0,30.0,out,right,15883.000000000004,37.00000000000001
15885.0,555.0,out,right,15883.000000000004,559.0000000000001
15885.0,-15.0,out,right,15883.000000000004,-21.000000000000004
15885.0,495.0,out,right,15883.000000000004,501.0000000000001
15885.0,450.0,out,right,15883.000000000004,443.0000000000001
15885.0,-420.0,out,right,15883.000000000004,-427.0000000000001
15885.0,-1185.0,out,right,15883.000000000004,-1181.0000000000002
15885.0,-480.0,out,right,15883.000000000004,-485.0000000000001
15885.0,-1245.0,out,right,15883.000000000004,-1239.0000000000002
15885.0,-540.0,out,right,15883.000000000004,-543.0000000000001
15885.0,-1290.0,out,right,15883.000000000004,-1297.0000000000002
15885.0,-600.0,out,right,15883.000000000004,-601.0000000000001
15885.0,-1350.0,out,right,15883.000000000004,-1355.0000000000002
15885.0,-660.0,out,right,15883.000000000004,-659.0000000000001
15885.0,-1410.0,out,right,15883.000000000004,-1413.0000000000002
15885.0,-720.0,out,right,15883.000000000004,-717.0000000000001
15885.0,-780.0,out,right,15883.000000000004,-775.0000000000002
15885.0,-135.0,out,right,15883.000000000004,-137.00000000000003
15885.0,-840.0,out,right,15883.000000000004,-833.0000000000002
15885.0,-75.0,out,right,15883.000000000004,-79.00000000000001
15885.0,-885.0,out,right,15883.000000000004,-891.0000000000002
15885.0,-195.0,out,right,15883.000000000004,-195.00000000000006
15885.0,-945.0,out,right,15883.000000000004,-949.0000000000002
15885.0,-255.0,out,right,15883.000000000004,-253.00000000000006
15885.0,-1005.0,out,right,15883.000000000004,-1007.0000000000002
15885.0,-315.0,out,right,15883.000000000004,-311.00000000000006
15885.0,-1065.0,out,right,15883.000000000004,-1065.0000000000002
15885.0,-375.0,out,right,15883.000000000004,-369.0000000000001
15885.0,-1125.0,out,right,15883.000000000004,-1123.0000000000002
105.0,-1500.0,chip_range,,,
16095.0,-1500.0,chip_range,,,
105.0,1500.0,chip_range,,,
16095.0,1500.0,chip_range,,,
13485.0,720.0,center,,13487.208000000002,718.5680000000002
13335.0,720.0,center,,13337.208000000002,718.5680000000002
12885.0,780.0,center,,12880.908000000003,783.5680000000002
12735.0,780.0,center,,12730.908000000003,783.5680000000002
13140.0,840.0,center,,13140.908000000003,843.5680000000002
12990.0,840.0,center,,12990.908000000003,843.5680000000002
12885.0,840.0,center,,12880.908000000003,843.5680000000002
12735.0,840.0,center,,12730.908000000003,843.5680000000002
10110.0,120.0,center,,10113.901000000002,118.81100000000004
10260.0,120.0,center,,10263.901000000002,118.81100000000004
10095.0,405.0,center,,10090.201000000003,398.8110000000001
9945.0,405.0,center,,9940.201000000003,398.8110000000001
10350.0,405.0,center,,10350.201000000003,398.8110000000001
10200.0,405.0,center,,10200.201000000003,398.8110000000001
9465.0,405.0,center,,9468.201000000003,398.8110000000001
9315.0,405.0,center,,9318.201000000003,398.8110000000001
9735.0,405.0,center,,9728.201000000003,398.8110000000001
9585.0,405.0,center,,9578.201000000003,398.8110000000001
8850.0,405.0,center,,8846.201000000003,398.8110000000001
8700.0,405.0,center,,8696.201000000003,398.8110000000001
9105.0,405.0,center,,9106.201000000003,398.8110000000001
8955.0,405.0,center,,8956.201000000003,398.8110000000001
9750.0,120.0,center,,9751.901000000002,118.81100000000004
9900.0,120.0,center,,9901.901000000002,118.81100000000004
9495.0,120.0,center,,9491.901000000002,118.81100000000004
9645.0,120.0,center,,9641.901000000002,118.81100000000004
12735.0,285.0,center,,12730.908000000003,283.56800000000004
13335.0,225.0,center,,13337.208000000002,218.56800000000004
12885.0,345.0,center,,12880.908000000003,343.5680000000001
12885.0,90.0,center,,12880.908000000003,93.56800000000003
13440.0,465.0,center,,13441.808000000003,468.5680000000001
13590.0,465.0,center,,13591.808000000003,468.5680000000001
12735.0,345.0,center,,12730.908000000003,343.5680000000001
12735.0,90.0,center,,12730.908000000003,93.56800000000003
12735.0,600.0,center,,12730.908000000003,593.5680000000001
12990.0,600.0,center,,12990.908000000003,593.5680000000001
13485.0,225.0,center,,13487.208000000002,218.56800000000004
12990.0,345.0,center,,12990.908000000003,343.5680000000001
13140.0,345.0,center,,13140.908000000003,343.5680000000001
13140.0,90.0,center,,13140.908000000003,93.56800000000003
12885.0,540.0,center,,12880.908000000003,533.5680000000001
12735.0,540.0,center,,12730.908000000003,533.5680000000001
13140.0,600.0,center,,13140.908000000003,593.5680000000001
12990.0,90.0,center,,12990.908000000003,93.56800000000003
12885.0,285.0,center,,12880.908000000003,283.56800000000004
12885.0,600.0,center,,12880.908000000003,593.5680000000001
4890.0,720.0,center,,4885.109000000001,720.4960000000002
5040.0,720.0,center,,5035.109000000001,720.4960000000002
4890.0,885.0,center,,4885.109000000001,880.4960000000002
5040.0,885.0,center,,5035.109000000001,880.4960000000002
4320.0,960.0,center,,4326.809000000001,960.4960000000002
4170.0,960.0,center,,4176.809000000001,960.4960000000002
4890.0,1035.0,center,,4885.109000000001,1040.4960000000003
5040.0,1035.0,center,,5035.109000000001,1040.4960000000003
4620.0,885.0,center,,4625.109000000001,880.4960000000002
4770.0,885.0,center,,4775.109000000001,880.4960000000002
4620.0,1035.0,center,,4625.109000000001,1040.4960000000003
4770.0,1035.0,center,,4775.109000000001,1040.4960000000003
4065.0,960.0,center,,4066.809000000001,960.4960000000002
4065.0,1275.0,center,,4066.809000000001,1280.4960000000003
3615.0,1125.0,center,,3618.509000000001,1120.4960000000003
3465.0,1125.0,center,,3468.509000000001,1120.4960000000003
3915.0,960.0,center,,3916.809000000001,960.4960000000002
3210.0,1125.0,center,,3208.509000000001,1120.4960000000003
3915.0,1275.0,center,,3916.809000000001,1280.4960000000003
3360.0,1125.0,center,,3358.509000000001,1120.4960000000003
3105.0,795.0,center,,3101.9090000000006,800.4960000000002
3255.0,795.0,center,,3251.9090000000006,800.4960000000002
3510.0,795.0,center,,3511.909000000001,800.4960000000002
3360.0,795.0,center,,3361.909000000001,800.4960000000002
4890.0,1200.0,center,,4885.109000000001,1200.4960000000003
5040.0,1200.0,center,,5035.109000000001,1200.4960000000003
4320.0,1275.0,center,,4326.809000000001,1280.4960000000003
4170.0,1275.0,center,,4176.809000000001,1280.4960000000003
4890.0,1365.0,center,,4885.109000000001,1360.4960000000003
5040.0,1365.0,center,,5035.109000000001,1360.4960000000003
4620.0,1200.0,center,,4625.109000000001,1200.4960000000003
4770.0,1200.0,center,,4775.109000000001,1200.4960000000003
4620.0,1365.0,center,,4625.109000000001,1360.4960000000003
4770.0,1365.0,center,,4775.109000000001,1360.4960000000003
4620.0,720.0,center,,4625.109000000001,720.4960000000002
4770.0,720.0,center,,4775.109000000001,720.4960000000002
5040.0,75.0,center,,5035.109000000001,80.49600000000002
4620.0,75.0,center,,4625.109000000001,80.49600000000002
4770.0,75.0,center,,4775.109000000001,80.49600000000002
3915.0,645.0,center,,3916.809000000001,640.4960000000001
4620.0,555.0,center,,4625.109000000001,560.4960000000001
4770.0,555.0,center,,4775.109000000001,560.4960000000001
4065.0,315.0,center,,4066.809000000001,320.4960000000001
4065.0,645.0,center,,4066.809000000001,640.4960000000001
3615.0,480.0,center,,3618.509000000001,480.4960000000001
3465.0,480.0,center,,3468.509000000001,480.4960000000001
3210.0,480.0,center,,3208.509000000001,480.4960000000001
3360.0,480.0,center,,3358.509000000001,480.4960000000001
3915.0,315.0,center,,3916.809000000001,320.4960000000001
3360.0,165.0,center,,3361.909000000001,160.49600000000004
3510.0,165.0,center,,3511.909000000001,160.49600000000004
3255.0,165.0,center,,3251.9090000000006,160.49600000000004
3105.0,165.0,center,,3101.9090000000006,160.49600000000004
4320.0,315.0,center,,4326.809000000001,320.4960000000001
4170.0,315.0,center,,4176.809000000001,320.4960000000001
4890.0,405.0,center,,4885.109000000001,400.4960000000001
5040.0,405.0,center,,5035.109000000001,400.4960000000001
4620.0,240.0,center,,4625.109000000001,240.49600000000007
4770.0,240.0,center,,4775.109000000001,240.49600000000007
4620.0,405.0,center,,4625.109000000001,400.4960000000001
4770.0,405.0,center,,4775.109000000001,400.4960000000001
4890.0,75.0,center,,4885.109000000001,80.49600000000002
4890.0,555.0,center,,4885.109000000001,560.4960000000001
5040.0,555.0,center,,5035.109000000001,560.4960000000001
4320.0,645.0,center,,4326.809000000001,640.4960000000001
4170.0,645.0,center,,4176.809000000001,640.4960000000001
4890.0,240.0,center,,4885.109000000001,240.49600000000007
5040.0,240.0,center,,5035.109000000001,240.49600000000007
4890.0,-555.0,center,,4885.109000000001,-559.5040000000001
5040.0,-555.0,center,,5035.109000000001,-559.5040000000001
4620.0,-555.0,center,,4625.109000000001,-559.5040000000001
4770.0,-555.0,center,,4775.109000000001,-559.5040000000001
4890.0,-405.0,center,,4885.109000000001,-399.5040000000001
5040.0,-405.0,center,,5035.109000000001,-399.5040000000001
4320.0,-315.0,center,,4326.809000000001,-319.5040000000001
4170.0,-315.0,center,,4176.809000000001,-319.5040000000001
4890.0,-240.0,center,,4885.109000000001,-239.50400000000005
5040.0,-240.0,center,,5035.109000000001,-239.50400000000005
4620.0,-405.0,center,,4625.109000000001,-399.5040000000001
4770.0,-405.0,center,,4775.109000000001,-399.5040000000001
4620.0,-240.0,center,,4625.109000000001,-239.50400000000005
4770.0,-240.0,center,,4775.109000000001,-239.50400000000005
4890.0,-75.0,center,,4885.109000000001,-79.50400000000002
5040.0,-75.0,center,,5035.109000000001,-79.50400000000002
4320.0,0.0,center,,4326.809000000001,0.496
4170.0,0.0,center,,4176.809000000001,0.496
4065.0,0.0,center,,4066.809000000001,0.496
4620.0,-75.0,center,,4625.109000000001,-79.50400000000002
4770.0,-75.0,center,,4775.109000000001,-79.50400000000002
4065.0,-315.0,center,,4066.809000000001,-319.5040000000001
3915.0,0.0,center,,3916.809000000001,0.496
3210.0,-165.0,center,,3208.509000000001,-159.50400000000005
3360.0,-165.0,center,,3358.509000000001,-159.50400000000005
3915.0,-315.0,center,,3916.809000000001,-319.5040000000001
3360.0,-480.0,center,,3361.909000000001,-479.50400000000013
3510.0,-480.0,center,,3511.909000000001,-479.50400000000013
3255.0,-480.0,center,,3251.9090000000006,-479.50400000000013
3105.0,-480.0,center,,3101.9090000000006,-479.50400000000013
3615.0,-165.0,center,,3618.509000000001,-159.50400000000005
3465.0,-165.0,center,,3468.509000000001,-159.50400000000005
4620.0,-1035.0,center,,4625.109000000001,-1039.5040000000004
4770.0,-1035.0,center,,4775.109000000001,-1039.5040000000004
4620.0,-885.0,center,,4625.109000000001,-879.5040000000002
4770.0,-885.0,center,,4775.109000000001,-879.5040000000002
4320.0,-960.0,center,,4326.809000000001,-959.5040000000002
4770.0,-720.0,center,,4775.109000000001,-719.5040000000001
3915.0,-645.0,center,,3916.809000000001,-639.5040000000001
4065.0,-960.0,center,,4066.809000000001,-959.5040000000002
4065.0,-645.0,center,,4066.809000000001,-639.5040000000001
3210.0,-795.0,center,,3208.509000000001,-799.5040000000001
3360.0,-795.0,center,,3358.509000000001,-799.5040000000001
4620.0,-720.0,center,,4625.109000000001,-719.5040000000001
3615.0,-795.0,center,,3618.509000000001,-799.5040000000001
3465.0,-795.0,center,,3468.509000000001,-799.5040000000001
4170.0,-960.0,center,,4176.809000000001,-959.5040000000002
4890.0,-720.0,center,,4885.109000000001,-719.5040000000001
5040.0,-720.0,center,,5035.109000000001,-719.5040000000001
4890.0,-1035.0,center,,4885.109000000001,-1039.5040000000004
5040.0,-1035.0,center,,5035.109000000001,-1039.5040000000004
4890.0,-885.0,center,,4885.109000000001,-879.5040000000002
5040.0,-885.0,center,,5035.109000000001,-879.5040000000002
3915.0,-960.0,center,,3916.809000000001,-959.5040000000002
4320.0,-645.0,center,,4326.809000000001,-639.5040000000001
4170.0,-645.0,center,,4176.809000000001,-639.5040000000001
12735.0,-150.0,center,,12730.908000000003,-156.43200000000004
12735.0,-405.0,center,,12730.908000000003,-406.4320000000001
13335.0,-285.0,center,,13337.208000000002,-281.4320000000001
13485.0,-285.0,center,,13487.208000000002,-281.4320000000001
13590.0,-525.0,center,,13591.808000000003,-531.4320000000001
13440.0,-525.0,center,,13441.808000000003,-531.4320000000001
13605.0,-30.0,center,,13606.408000000003,-31.43200000000001
13455.0,-30.0,center,,13456.408000000003,-31.43200000000001
12735.0,30.0,center,,12730.908000000003,33.56800000000001
12885.0,-210.0,center,,12880.908000000003,-216.43200000000004
12885.0,-465.0,center,,12880.908000000003,-466.43200000000013
12735.0,-210.0,center,,12730.908000000003,-216.43200000000004
12735.0,-465.0,center,,12730.908000000003,-466.43200000000013
13140.0,-150.0,center,,13140.908000000003,-156.43200000000004
13140.0,-405.0,center,,13140.908000000003,-406.4320000000001
12885.0,30.0,center,,12880.908000000003,33.56800000000001
12990.0,-150.0,center,,12990.908000000003,-156.43200000000004
12990.0,-405.0,center,,12990.908000000003,-406.4320000000001
12885.0,-150.0,center,,12880.908000000003,-156.43200000000004
12885.0,-405.0,center,,12880.908000000003,-406.4320000000001
9750.0,-45.0,center,,9751.901000000002,-41.18900000000001
9900.0,-45.0,center,,9901.901000000002,-41.18900000000001
9735.0,-435.0,center,,9728.201000000003,-441.1890000000001
9585.0,-435.0,center,,9578.201000000003,-441.1890000000001
9495.0,-45.0,center,,9491.901000000002,-41.18900000000001
9645.0,-45.0,center,,9641.901000000002,-41.18900000000001
9150.0,45.0,center,,9145.601000000002,38.81100000000001
9300.0,45.0,center,,9295.601000000002,38.81100000000001
10095.0,-435.0,center,,10090.201000000003,-441.1890000000001
9945.0,-435.0,center,,9940.201000000003,-441.1890000000001
10110.0,-45.0,center,,10113.901000000002,-41.18900000000001
10260.0,-45.0,center,,10263.901000000002,-41.18900000000001
10200.0,-435.0,center,,10200.201000000003,-441.1890000000001
9045.0,-255.0,center,,9043.601000000002,-261.1890000000001
9195.0,-255.0,center,,9193.601000000002,-261.1890000000001
10005.0,-180.0,center,,10011.901000000002,-181.18900000000005
10155.0,-180.0,center,,10161.901000000002,-181.18900000000005
9450.0,-255.0,center,,9453.601000000002,-261.1890000000001
9300.0,-255.0,center,,9303.601000000002,-261.1890000000001
10005.0,-345.0,center,,10011.901000000002,-341.1890000000001
10155.0,-345.0,center,,10161.901000000002,-341.1890000000001
9750.0,-180.0,center,,9751.901000000002,-181.18900000000005
9900.0,-180.0,center,,9901.901000000002,-181.18900000000005
9750.0,-345.0,center,,9751.901000000002,-341.1890000000001
9900.0,-345.0,center,,9901.901000000002,-341.1890000000001
8520.0,45.0,center,,8523.601000000002,38.81100000000001
8670.0,45.0,center,,8673.601000000002,38.81100000000001
9465.0,-435.0,center,,9468.201000000003,-441.1890000000001
9315.0,-435.0,center,,9318.201000000003,-441.1890000000001
8940.0,45.0,center,,8933.601000000002,38.81100000000001
8790.0,45.0,center,,8783.601000000002,38.81100000000001
10350.0,-435.0,center,,10350.201000000003,-441.1890000000001
13335.0,-780.0,center,,13337.208000000002,-781.4320000000001
12735.0,-720.0,center,,12730.908000000003,-716.4320000000001
12735.0,-960.0,center,,12730.908000000003,-966.4320000000002
13485.0,-780.0,center,,13487.208000000002,-781.4320000000001
12735.0,-900.0,center,,12730.908000000003,-906.4320000000002
12735.0,-660.0,center,,12730.908000000003,-656.4320000000001
12885.0,-720.0,center,,12880.908000000003,-716.4320000000001
12885.0,-960.0,center,,12880.908000000003,-966.4320000000002
13140.0,-660.0,center,,13140.908000000003,-656.4320000000001
13140.0,-900.0,center,,13140.908000000003,-906.4320000000002
12990.0,-660.0,center,,12990.908000000003,-656.4320000000001
12990.0,-900.0,center,,12990.908000000003,-906.4320000000002
12885.0,-660.0,center,,12880.908000000003,-656.4320000000001
12885.0,-900.0,center,,12880.908000000003,-906.4320000000002
5220.0,-1275.0,obstacle,,,
12840.0,-1215.0,obstacle,,,
12705.0,-1260.0,obstacle,,,
5940.0,-1215.0,obstacle,,,
4800.0,-1215.0,obstacle,,,
7335.0,-1245.0,obstacle,,,
6195.0,-1245.0,obstacle,,,
7095.0,-1230.0,obstacle,,,
5955.0,-1230.0,obstacle,,,
4815.0,-1230.0,obstacle,,,
6960.0,-1275.0,obstacle,,,
4680.0,-1275.0,obstacle,,,
5820.0,-1275.0,obstacle,,,
6720.0,-1275.0,obstacle,,,
5580.0,-1275.0,obstacle,,,
5070.0,-1260.0,obstacle,,,
7860.0,-1275.0,obstacle,,,
11400.0,-1215.0,obstacle,,,
10260.0,-1215.0,obstacle,,,
12300.0,-1215.0,obstacle,,,
11160.0,-1215.0,obstacle,,,
11655.0,-1245.0,obstacle,,,
12555.0,-1245.0,obstacle,,,
8490.0,-1215.0,obstacle,,,
7350.0,-1215.0,obstacle,,,
6210.0,-1215.0,obstacle,,,
9390.0,-1215.0,obstacle,,,
8250.0,-1215.0,obstacle,,,
7110.0,-1215.0,obstacle,,,
5970.0,-1215.0,obstacle,,,
6465.0,-1245.0,obstacle,,,
8115.0,-1260.0,obstacle,,,
7605.0,-1245.0,obstacle,,,
8745.0,-1245.0,obstacle,,,
8505.0,-1245.0,obstacle,,,
8355.0,-1245.0,obstacle,,,
10785.0,-1245.0,obstacle,,,
10140.0,-1275.0,obstacle,,,
9900.0,-1275.0,obstacle,,,
9645.0,-1245.0,obstacle,,,
9000.0,-1275.0,obstacle,,,
11040.0,-1275.0,obstacle,,,
12180.0,-1275.0,obstacle,,,
11055.0,-1245.0,obstacle,,,
6735.0,-1245.0,obstacle,,,
5595.0,-1245.0,obstacle,,,
8130.0,-1275.0,obstacle,,,
6990.0,-1275.0,obstacle,,,
5850.0,-1275.0,obstacle,,,
4710.0,-1275.0,obstacle,,,
9750.0,-1275.0,obstacle,,,
9030.0,-1275.0,obstacle,,,
12570.0,-1215.0,obstacle,,,
11430.0,-1215.0,obstacle,,,
10800.0,-1230.0,obstacle,,,
12435.0,-1260.0,obstacle,,,
12330.0,-1215.0,obstacle,,,
12825.0,-1245.0,obstacle,,,
12195.0,-1260.0,obstacle,,,
5430.0,-1215.0,obstacle,,,
11940.0,-1230.0,obstacle,,,
10425.0,-1260.0,obstacle,,,
5055.0,-1245.0,obstacle,,,
7590.0,-1275.0,obstacle,,,
6450.0,-1275.0,obstacle,,,
5310.0,-1275.0,obstacle,,,
11550.0,-1215.0,obstacle,,,
7215.0,-1275.0,obstacle,,,
11790.0,-1215.0,obstacle,,,
11280.0,-1215.0,obstacle,,,
9120.0,-1215.0,obstacle,,,
7980.0,-1215.0,obstacle,,,
6840.0,-1215.0,obstacle,,,
5700.0,-1215.0,obstacle,,,
8880.0,-1215.0,obstacle,,,
7740.0,-1215.0,obstacle,,,
6600.0,-1215.0,obstacle,,,
8235.0,-1245.0,obstacle,,,
10515.0,-1245.0,obstacle,,,
10770.0,-1275.0,obstacle,,,
10275.0,-1245.0,obstacle,,,
10020.0,-1215.0,obstacle,,,
9630.0,-1275.0,obstacle,,,
10530.0,-1275.0,obstacle,,,
9375.0,-1245.0,obstacle,,,
9135.0,-1245.0,obstacle,,,
11415.0,-1245.0,obstacle,,,
11910.0,-1275.0,obstacle,,,
4830.0,-1215.0,obstacle,,,
5325.0,-1245.0,obstacle,,,
4695.0,-1260.0,obstacle,,,
7365.0,-1245.0,obstacle,,,
6225.0,-1245.0,obstacle,,,
5085.0,-1245.0,obstacle,,,
7125.0,-1245.0,obstacle,,,
7620.0,-1275.0,obstacle,,,
6480.0,-1275.0,obstacle,,,
5340.0,-1275.0,obstacle,,,
8760.0,-1275.0,obstacle,,,
12810.0,-1230.0,obstacle,,,
11670.0,-1230.0,obstacle,,,
12060.0,-1215.0,obstacle,,,
11925.0,-1260.0,obstacle,,,
10290.0,-1215.0,obstacle,,,
9660.0,-1230.0,obstacle,,,
8010.0,-1215.0,obstacle,,,
8520.0,-1230.0,obstacle,,,
10155.0,-1260.0,obstacle,,,
10545.0,-1245.0,obstacle,,,
9915.0,-1260.0,obstacle,,,
8775.0,-1260.0,obstacle,,,
9405.0,-1245.0,obstacle,,,
9150.0,-1215.0,obstacle,,,
5685.0,-1245.0,obstacle,,,
4545.0,-1245.0,obstacle,,,
9015.0,-1260.0,obstacle,,,
11685.0,-1245.0,obstacle,,,
11055.0,-1260.0,obstacle,,,
5940.0,-1275.0,obstacle,,,
4800.0,-1275.0,obstacle,,,
11145.0,-1275.0,obstacle,,,
12840.0,-1230.0,obstacle,,,
9750.0,-1215.0,obstacle,,,
8610.0,-1215.0,obstacle,,,
7470.0,-1215.0,obstacle,,,
6330.0,-1215.0,obstacle,,,
7335.0,-1260.0,obstacle,,,
6195.0,-1260.0,obstacle,,,
8865.0,-1245.0,obstacle,,,
8370.0,-1215.0,obstacle,,,
10650.0,-1215.0,obstacle,,,
10005.0,-1245.0,obstacle,,,
10260.0,-1275.0,obstacle,,,
9510.0,-1215.0,obstacle,,,
11145.0,-1245.0,obstacle,,,
4560.0,-1215.0,obstacle,,,
5460.0,-1215.0,obstacle,,,
5955.0,-1245.0,obstacle,,,
4815.0,-1245.0,obstacle,,,
7995.0,-1245.0,obstacle,,,
6855.0,-1245.0,obstacle,,,
5715.0,-1245.0,obstacle,,,
4575.0,-1245.0,obstacle,,,
5070.0,-1275.0,obstacle,,,
6210.0,-1275.0,obstacle,,,
7350.0,-1275.0,obstacle,,,
5970.0,-1275.0,obstacle,,,
7110.0,-1275.0,obstacle,,,
8490.0,-1275.0,obstacle,,,
11400.0,-1230.0,obstacle,,,
12300.0,-1230.0,obstacle,,,
11160.0,-1230.0,obstacle,,,
11655.0,-1260.0,obstacle,,,
12690.0,-1215.0,obstacle,,,
12555.0,-1260.0,obstacle,,,
12585.0,-1275.0,obstacle,,,
9390.0,-1230.0,obstacle,,,
8250.0,-1230.0,obstacle,,,
10920.0,-1215.0,obstacle,,,
9885.0,-1260.0,obstacle,,,
8640.0,-1215.0,obstacle,,,
10785.0,-1260.0,obstacle,,,
8505.0,-1260.0,obstacle,,,
10680.0,-1215.0,obstacle,,,
10035.0,-1245.0,obstacle,,,
9780.0,-1215.0,obstacle,,,
9645.0,-1260.0,obstacle,,,
11175.0,-1245.0,obstacle,,,
11430.0,-1275.0,obstacle,,,
12315.0,-1245.0,obstacle,,,
6870.0,-1215.0,obstacle,,,
6735.0,-1260.0,obstacle,,,
5595.0,-1260.0,obstacle,,,
8265.0,-1245.0,obstacle,,,
12570.0,-1230.0,obstacle,,,
12330.0,-1230.0,obstacle,,,
12825.0,-1260.0,obstacle,,,
5430.0,-1230.0,obstacle,,,
8100.0,-1215.0,obstacle,,,
9240.0,-1215.0,obstacle,,,
9495.0,-1245.0,obstacle,,,
5190.0,-1215.0,obstacle,,,
5055.0,-1260.0,obstacle,,,
6090.0,-1215.0,obstacle,,,
4950.0,-1215.0,obstacle,,,
5445.0,-1245.0,obstacle,,,
6585.0,-1245.0,obstacle,,,
7725.0,-1245.0,obstacle,,,
7230.0,-1215.0,obstacle,,,
5205.0,-1245.0,obstacle,,,
5700.0,-1275.0,obstacle,,,
6840.0,-1275.0,obstacle,,,
12420.0,-1215.0,obstacle,,,
11790.0,-1230.0,obstacle,,,
9120.0,-1230.0,obstacle,,,
7980.0,-1230.0,obstacle,,,
10020.0,-1230.0,obstacle,,,
8880.0,-1230.0,obstacle,,,
7740.0,-1230.0,obstacle,,,
6600.0,-1230.0,obstacle,,,
8235.0,-1260.0,obstacle,,,
10515.0,-1260.0,obstacle,,,
10410.0,-1215.0,obstacle,,,
10275.0,-1260.0,obstacle,,,
9375.0,-1260.0,obstacle,,,
9270.0,-1215.0,obstacle,,,
9135.0,-1260.0,obstacle,,,
9030.0,-1230.0,obstacle,,,
11415.0,-1260.0,obstacle,,,
4830.0,-1230.0,obstacle,,,
5325.0,-1260.0,obstacle,,,
6360.0,-1215.0,obstacle,,,
5220.0,-1215.0,obstacle,,,
6225.0,-1260.0,obstacle,,,
5085.0,-1260.0,obstacle,,,
7755.0,-1245.0,obstacle,,,
6615.0,-1245.0,obstacle,,,
7500.0,-1215.0,obstacle,,,
7365.0,-1260.0,obstacle,,,
7125.0,-1260.0,obstacle,,,
8895.0,-1245.0,obstacle,,,
8760.0,-1230.0,obstacle,,,
12060.0,-1230.0,obstacle,,,
8490.0,-1230.0,obstacle,,,
10290.0,-1230.0,obstacle,,,
9150.0,-1230.0,obstacle,,,
8010.0,-1230.0,obstacle,,,
11685.0,-1260.0,obstacle,,,
10545.0,-1260.0,obstacle,,,
9405.0,-1260.0,obstacle,,,
6960.0,-1215.0,obstacle,,,
5820.0,-1215.0,obstacle,,,
4680.0,-1215.0,obstacle,,,
5685.0,-1260.0,obstacle,,,
4545.0,-1260.0,obstacle,,,
9255.0,-1230.0,obstacle,,,
6075.0,-1245.0,obstacle,,,
4935.0,-1245.0,obstacle,,,
12585.0,-1260.0,obstacle,,,
12840.0,-1260.0,obstacle,,,
9750.0,-1230.0,obstacle,,,
8610.0,-1230.0,obstacle,,,
7470.0,-1230.0,obstacle,,,
6330.0,-1230.0,obstacle,,,
10650.0,-1230.0,obstacle,,,
8370.0,-1230.0,obstacle,,,
8865.0,-1260.0,obstacle,,,
10140.0,-1215.0,obstacle,,,
10905.0,-1260.0,obstacle,,,
10005.0,-1260.0,obstacle,,,
9765.0,-1260.0,obstacle,,,
9510.0,-1230.0,obstacle,,,
9000.0,-1215.0,obstacle,,,
11145.0,-1260.0,obstacle,,,
12045.0,-1260.0,obstacle,,,
4560.0,-1230.0,obstacle,,,
5460.0,-1230.0,obstacle,,,
5955.0,-1260.0,obstacle,,,
4815.0,-1260.0,obstacle,,,
6990.0,-1215.0,obstacle,,,
4710.0,-1215.0,obstacle,,,
5715.0,-1260.0,obstacle,,,
4575.0,-1260.0,obstacle,,,
6855.0,-1260.0,obstacle,,,
6105.0,-1245.0,obstacle,,,
5850.0,-1215.0,obstacle,,,
8130.0,-1215.0,obstacle,,,
7995.0,-1260.0,obstacle,,,
12690.0,-1230.0,obstacle,,,
12555.0,-1275.0,obstacle,,,
9390.0,-1260.0,obstacle,,,
10920.0,-1230.0,obstacle,,,
9780.0,-1230.0,obstacle,,,
8640.0,-1230.0,obstacle,,,
10785.0,-1275.0,obstacle,,,
10680.0,-1230.0,obstacle,,,
11175.0,-1260.0,obstacle,,,
10035.0,-1260.0,obstacle,,,
12315.0,-1260.0,obstacle,,,
12075.0,-1260.0,obstacle,,,
10935.0,-1260.0,obstacle,,,
9120.0,-1260.0,obstacle,,,
11820.0,-1230.0,obstacle,,,
8355.0,-1215.0,obstacle,,,
6870.0,-1230.0,obstacle,,,
8265.0,-1260.0,obstacle,,,
9885.0,-1230.0,obstacle,,,
8100.0,-1230.0,obstacle,,,
9240.0,-1230.0,obstacle,,,
9495.0,-1260.0,obstacle,,,
11535.0,-1260.0,obstacle,,,
10395.0,-1260.0,obstacle,,,
5190.0,-1230.0,obstacle,,,
7230.0,-1230.0,obstacle,,,
6090.0,-1230.0,obstacle,,,
4950.0,-1230.0,obstacle,,,
5445.0,-1260.0,obstacle,,,
6585.0,-1260.0,obstacle,,,
7725.0,-1260.0,obstacle,,,
6345.0,-1260.0,obstacle,,,
5205.0,-1260.0,obstacle,,,
7485.0,-1260.0,obstacle,,,
8625.0,-1260.0,obstacle,,,
12675.0,-1215.0,obstacle,,,
12420.0,-1230.0,obstacle,,,
11790.0,-1245.0,obstacle,,,
12840.0,-1275.0,obstacle,,,
7350.0,-1230.0,obstacle,,,
10020.0,-1245.0,obstacle,,,
11550.0,-1230.0,obstacle,,,
10410.0,-1230.0,obstacle,,,
9270.0,-1230.0,obstacle,,,
10275.0,-1275.0,obstacle,,,
9135.0,-1275.0,obstacle,,,
10170.0,-1230.0,obstacle,,,
10665.0,-1260.0,obstacle,,,
11415.0,-1275.0,obstacle,,,
11310.0,-1230.0,obstacle,,,
11565.0,-1260.0,obstacle,,,
12450.0,-1230.0,obstacle,,,
11805.0,-1260.0,obstacle,,,
7500.0,-1230.0,obstacle,,,
6360.0,-1230.0,obstacle,,,
5220.0,-1230.0,obstacle,,,
7365.0,-1275.0,obstacle,,,
8895.0,-1260.0,obstacle,,,
7755.0,-1260.0,obstacle,,,
6615.0,-1260.0,obstacle,,,
7125.0,-1275.0,obstacle,,,
8745.0,-1260.0,obstacle,,,
12705.0,-1215.0,obstacle,,,
11685.0,-1275.0,obstacle,,,
6960.0,-1230.0,obstacle,,,
5820.0,-1230.0,obstacle,,,
4680.0,-1230.0,obstacle,,,
5685.0,-1275.0,obstacle,,,
4545.0,-1275.0,obstacle,,,
5580.0,-1230.0,obstacle,,,
5070.0,-1215.0,obstacle,,,
4935.0,-1260.0,obstacle,,,
6720.0,-1230.0,obstacle,,,
6975.0,-1260.0,obstacle,,,
6075.0,-1260.0,obstacle,,,
5835.0,-1260.0,obstacle,,,
7860.0,-1230.0,obstacle,,,
7215.0,-1260.0,obstacle,,,
9255.0,-1215.0,obstacle,,,
8115.0,-1215.0,obstacle,,,
9750.0,-1245.0,obstacle,,,
11280.0,-1230.0,obstacle,,,
10650.0,-1245.0,obstacle,,,
10140.0,-1230.0,obstacle,,,
8370.0,-1245.0,obstacle,,,
8865.0,-1275.0,obstacle,,,
10005.0,-1275.0,obstacle,,,
10905.0,-1275.0,obstacle,,,
9900.0,-1230.0,obstacle,,,
9765.0,-1275.0,obstacle,,,
9510.0,-1245.0,obstacle,,,
9000.0,-1230.0,obstacle,,,
11295.0,-1260.0,obstacle,,,
11040.0,-1230.0,obstacle,,,
12045.0,-1275.0,obstacle,,,
8130.0,-1230.0,obstacle,,,
6990.0,-1230.0,obstacle,,,
5850.0,-1230.0,obstacle,,,
4710.0,-1230.0,obstacle,,,
5715.0,-1275.0,obstacle,,,
4575.0,-1275.0,obstacle,,,
6855.0,-1275.0,obstacle,,,
6105.0,-1260.0,obstacle,,,
7995.0,-1275.0,obstacle,,,
7245.0,-1260.0,obstacle,,,
8385.0,-1260.0,obstacle,,,
9525.0,-1260.0,obstacle,,,
9015.0,-1230.0,obstacle,,,
12435.0,-1215.0,obstacle,,,
12195.0,-1215.0,obstacle,,,
12690.0,-1245.0,obstacle,,,
10425.0,-1215.0,obstacle,,,
10920.0,-1245.0,obstacle,,,
11820.0,-1245.0,obstacle,,,
10680.0,-1245.0,obstacle,,,
11175.0,-1275.0,obstacle,,,
10035.0,-1275.0,obstacle,,,
7590.0,-1230.0,obstacle,,,
6450.0,-1230.0,obstacle,,,
5310.0,-1230.0,obstacle,,,
10935.0,-1275.0,obstacle,,,
12315.0,-1275.0,obstacle,,,
7845.0,-1260.0,obstacle,,,
6705.0,-1260.0,obstacle,,,
5565.0,-1260.0,obstacle,,,
12075.0,-1275.0,obstacle,,,
8265.0,-1275.0,obstacle,,,
12180.0,-1260.0,obstacle,,,
9240.0,-1245.0,obstacle,,,
8100.0,-1245.0,obstacle,,,
10770.0,-1230.0,obstacle,,,
9630.0,-1230.0,obstacle,,,
11910.0,-1230.0,obstacle,,,
9495.0,-1275.0,obstacle,,,
10530.0,-1230.0,obstacle,,,
11535.0,-1275.0,obstacle,,,
10395.0,-1275.0,obstacle,,,
11025.0,-1260.0,obstacle,,,
12675.0,-1275.0,obstacle,,,
12165.0,-1260.0,obstacle,,,
11910.0,-1260.0,obstacle,,,
4695.0,-1215.0,obstacle,,,
7230.0,-1245.0,obstacle,,,
6090.0,-1245.0,obstacle,,,
4950.0,-1245.0,obstacle,,,
5445.0,-1275.0,obstacle,,,
6585.0,-1275.0,obstacle,,,
5340.0,-1230.0,obstacle,,,
6480.0,-1230.0,obstacle,,,
5205.0,-1275.0,obstacle,,,
6345.0,-1275.0,obstacle,,,
7875.0,-1260.0,obstacle,,,
7725.0,-1275.0,obstacle,,,
7620.0,-1230.0,obstacle,,,
7485.0,-1275.0,obstacle,,,
8625.0,-1275.0,obstacle,,,
11925.0,-1215.0,obstacle,,,
12420.0,-1245.0,obstacle,,,
4965.0,-1260.0,obstacle,,,
10155.0,-1215.0,obstacle,,,
7095.0,-1245.0,obstacle,,,
9015.0,-1215.0,obstacle,,,
11055.0,-1215.0,obstacle,,,
9915.0,-1215.0,obstacle,,,
8775.0,-1215.0,obstacle,,,
10410.0,-1245.0,obstacle,,,
9270.0,-1245.0,obstacle,,,
11550.0,-1245.0,obstacle,,,
10170.0,-1245.0,obstacle,,,
10665.0,-1275.0,obstacle,,,
11310.0,-1245.0,obstacle,,,
12705.0,-1275.0,obstacle,,,
5940.0,-1230.0,obstacle,,,
4800.0,-1230.0,obstacle,,,
11565.0,-1275.0,obstacle,,,
12450.0,-1245.0,obstacle,,,
11805.0,-1275.0,obstacle,,,
7500.0,-1245.0,obstacle,,,
6360.0,-1245.0,obstacle,,,
8895.0,-1275.0,obstacle,,,
7755.0,-1275.0,obstacle,,,
6615.0,-1275.0,obstacle,,,
9255.0,-1275.0,obstacle,,,
7335.0,-1215.0,obstacle,,,
6195.0,-1215.0,obstacle,,,
8625.0,-1215.0,obstacle,,,
10260.0,-1230.0,obstacle,,,
6960.0,-1245.0,obstacle,,,
5820.0,-1245.0,obstacle,,,
4680.0,-1245.0,obstacle,,,
7860.0,-1245.0,obstacle,,,
6720.0,-1245.0,obstacle,,,
5580.0,-1245.0,obstacle,,,
5070.0,-1230.0,obstacle,,,
4935.0,-1275.0,obstacle,,,
6210.0,-1230.0,obstacle,,,
6975.0,-1275.0,obstacle,,,
6465.0,-1260.0,obstacle,,,
6075.0,-1275.0,obstacle,,,
5970.0,-1230.0,obstacle,,,
5835.0,-1275.0,obstacle,,,
8115.0,-1275.0,obstacle,,,
7605.0,-1260.0,obstacle,,,
7110.0,-1230.0,obstacle,,,
11655.0,-1215.0,obstacle,,,
12555.0,-1215.0,obstacle,,,
9885.0,-1215.0,obstacle,,,
10785.0,-1215.0,obstacle,,,
9645.0,-1215.0,obstacle,,,
8505.0,-1215.0,obstacle,,,
10140.0,-1245.0,obstacle,,,
9000.0,-1245.0,obstacle,,,
11280.0,-1245.0,obstacle,,,
9900.0,-1245.0,obstacle,,,
11040.0,-1245.0,obstacle,,,
11430.0,-1230.0,obstacle,,,
10800.0,-1245.0,obstacle,,,
11295.0,-1275.0,obstacle,,,
12435.0,-1275.0,obstacle,,,
12180.0,-1245.0,obstacle,,,
12195.0,-1275.0,obstacle,,,
11940.0,-1245.0,obstacle,,,
6735.0,-1215.0,obstacle,,,
5595.0,-1215.0,obstacle,,,
8130.0,-1245.0,obstacle,,,
6990.0,-1245.0,obstacle,,,
5850.0,-1245.0,obstacle,,,
4710.0,-1245.0,obstacle,,,
9525.0,-1275.0,obstacle,,,
8385.0,-1275.0,obstacle,,,
7245.0,-1275.0,obstacle,,,
6105.0,-1275.0,obstacle,,,
10425.0,-1275.0,obstacle,,,
9030.0,-1245.0,obstacle,,,
12825.0,-1215.0,obstacle,,,
8490.0,-1245.0,obstacle,,,
11820.0,-1260.0,obstacle,,,
5055.0,-1215.0,obstacle,,,
9525.0,-1215.0,obstacle,,,
7590.0,-1245.0,obstacle,,,
6450.0,-1245.0,obstacle,,,
5310.0,-1245.0,obstacle,,,
9255.0,-1245.0,obstacle,,,
6840.0,-1230.0,obstacle,,,
5700.0,-1230.0,obstacle,,,
6705.0,-1275.0,obstacle,,,
5565.0,-1275.0,obstacle,,,
7845.0,-1275.0,obstacle,,,
9885.0,-1275.0,obstacle,,,
4695.0,-1275.0,obstacle,,,
10515.0,-1215.0,obstacle,,,
9375.0,-1215.0,obstacle,,,
8235.0,-1215.0,obstacle,,,
11415.0,-1215.0,obstacle,,,
10275.0,-1215.0,obstacle,,,
10770.0,-1245.0,obstacle,,,
9630.0,-1245.0,obstacle,,,
9135.0,-1215.0,obstacle,,,
11670.0,-1245.0,obstacle,,,
10530.0,-1245.0,obstacle,,,
11025.0,-1275.0,obstacle,,,
12810.0,-1245.0,obstacle,,,
12165.0,-1275.0,obstacle,,,
11910.0,-1245.0,obstacle,,,
11925.0,-1275.0,obstacle,,,
5325.0,-1215.0,obstacle,,,
7365.0,-1215.0,obstacle,,,
6225.0,-1215.0,obstacle,,,
5085.0,-1215.0,obstacle,,,
7125.0,-1215.0,obstacle,,,
7620.0,-1245.0,obstacle,,,
6480.0,-1245.0,obstacle,,,
5340.0,-1245.0,obstacle,,,
8760.0,-1245.0,obstacle,,,
8520.0,-1245.0,obstacle,,,
7875.0,-1275.0,obstacle,,,
10155.0,-1275.0,obstacle,,,
9915.0,-1275.0,obstacle,,,
8775.0,-1275.0,obstacle,,,
9660.0,-1245.0,obstacle,,,
9015.0,-1275.0,obstacle,,,
4965.0,-1275.0,obstacle,,,
11685.0,-1215.0,obstacle,,,
10545.0,-1215.0,obstacle,,,
9405.0,-1215.0,obstacle,,,
11055.0,-1230.0,obstacle,,,
12585.0,-1215.0,obstacle,,,
12450.0,-1260.0,obstacle,,,
5685.0,-1215.0,obstacle,,,
4545.0,-1215.0,obstacle,,,
10170.0,-1260.0,obstacle,,,
11310.0,-1260.0,obstacle,,,
12840.0,-1245.0,obstacle,,,
5940.0,-1245.0,obstacle,,,
4800.0,-1245.0,obstacle,,,
9120.0,-1275.0,obstacle,,,
7335.0,-1275.0,obstacle,,,
6195.0,-1275.0,obstacle,,,
11145.0,-1215.0,obstacle,,,
10005.0,-1215.0,obstacle,,,
8865.0,-1215.0,obstacle,,,
12045.0,-1215.0,obstacle,,,
10905.0,-1215.0,obstacle,,,
9885.0,-1245.0,obstacle,,,
10260.0,-1245.0,obstacle,,,
9765.0,-1215.0,obstacle,,,
11400.0,-1245.0,obstacle,,,
11160.0,-1245.0,obstacle,,,
11655.0,-1275.0,obstacle,,,
12300.0,-1245.0,obstacle,,,
12585.0,-1245.0,obstacle,,,
7095.0,-1215.0,obstacle,,,
5955.0,-1215.0,obstacle,,,
4815.0,-1215.0,obstacle,,,
7995.0,-1215.0,obstacle,,,
6855.0,-1215.0,obstacle,,,
5715.0,-1215.0,obstacle,,,
4575.0,-1215.0,obstacle,,,
5580.0,-1260.0,obstacle,,,
5070.0,-1245.0,obstacle,,,
6720.0,-1260.0,obstacle,,,
6210.0,-1245.0,obstacle,,,
6465.0,-1275.0,obstacle,,,
5970.0,-1245.0,obstacle,,,
8250.0,-1245.0,obstacle,,,
7860.0,-1260.0,obstacle,,,
7605.0,-1275.0,obstacle,,,
7110.0,-1245.0,obstacle,,,
8745.0,-1275.0,obstacle,,,
8505.0,-1275.0,obstacle,,,
9645.0,-1275.0,obstacle,,,
12555.0,-1230.0,obstacle,,,
6735.0,-1275.0,obstacle,,,
5595.0,-1275.0,obstacle,,,
10785.0,-1230.0,obstacle,,,
12315.0,-1215.0,obstacle,,,
7350.0,-1245.0,obstacle,,,
10035.0,-1215.0,obstacle,,,
11175.0,-1215.0,obstacle,,,
9900.0,-1260.0,obstacle,,,
10935.0,-1215.0,obstacle,,,
11430.0,-1245.0,obstacle,,,
10800.0,-1260.0,obstacle,,,
11040.0,-1260.0,obstacle,,,
12570.0,-1245.0,obstacle,,,
12825.0,-1275.0,obstacle,,,
12330.0,-1245.0,obstacle,,,
5430.0,-1245.0,obstacle,,,
12075.0,-1215.0,obstacle,,,
11940.0,-1260.0,obstacle,,,
8265.0,-1215.0,obstacle,,,
11055.0,-1275.0,obstacle,,,
9030.0,-1260.0,obstacle,,,
5055.0,-1275.0,obstacle,,,
9495.0,-1215.0,obstacle,,,
11535.0,-1215.0,obstacle,,,
10395.0,-1215.0,obstacle,,,
7725.0,-1215.0,obstacle,,,
6585.0,-1215.0,obstacle,,,
5445.0,-1215.0,obstacle,,,
6450.0,-1260.0,obstacle,,,
5310.0,-1260.0,obstacle,,,
6345.0,-1215.0,obstacle,,,
5205.0,-1215.0,obstacle,,,
5700.0,-1245.0,obstacle,,,
6840.0,-1245.0,obstacle,,,
7980.0,-1245.0,obstacle,,,
6600.0,-1245.0,obstacle,,,
8235.0,-1275.0,obstacle,,,
7740.0,-1245.0,obstacle,,,
7485.0,-1215.0,obstacle,,,
8880.0,-1245.0,obstacle,,,
10515.0,-1275.0,obstacle,,,
9375.0,-1275.0,obstacle,,,
4830.0,-1245.0,obstacle,,,
5325.0,-1275.0,obstacle,,,
6225.0,-1275.0,obstacle,,,
5085.0,-1275.0,obstacle,,,
11415.0,-1230.0,obstacle,,,
10275.0,-1230.0,obstacle,,,
10770.0,-1260.0,obstacle,,,
9630.0,-1260.0,obstacle,,,
10665.0,-1215.0,obstacle,,,
9135.0,-1230.0,obstacle,,,
10530.0,-1260.0,obstacle,,,
11670.0,-1260.0,obstacle,,,
11565.0,-1215.0,obstacle,,,
12810.0,-1260.0,obstacle,,,
12060.0,-1245.0,obstacle,,,
11805.0,-1215.0,obstacle,,,
7365.0,-1230.0,obstacle,,,
8895.0,-1215.0,obstacle,,,
7755.0,-1215.0,obstacle,,,
6615.0,-1215.0,obstacle,,,
7620.0,-1260.0,obstacle,,,
6480.0,-1260.0,obstacle,,,
5340.0,-1260.0,obstacle,,,
8010.0,-1245.0,obstacle,,,
7125.0,-1230.0,obstacle,,,
8760.0,-1260.0,obstacle,,,
8520.0,-1260.0,obstacle,,,
10545.0,-1275.0,obstacle,,,
10290.0,-1245.0,obstacle,,,
9660.0,-1260.0,obstacle,,,
9405.0,-1275.0,obstacle,,,
9150.0,-1245.0,obstacle,,,
9015.0,-1245.0,obstacle,,,
11280.0,-1275.0,obstacle,,,
11685.0,-1230.0,obstacle,,,
12585.0,-1230.0,obstacle,,,
5685.0,-1230.0,obstacle,,,
4545.0,-1230.0,obstacle,,,
7215.0,-1215.0,obstacle,,,
6075.0,-1215.0,obstacle,,,
4935.0,-1215.0,obstacle,,,
5940.0,-1260.0,obstacle,,,
4800.0,-1260.0,obstacle,,,
6975.0,-1215.0,obstacle,,,
6330.0,-1245.0,obstacle,,,
5835.0,-1215.0,obstacle,,,
7470.0,-1245.0,obstacle,,,
8610.0,-1245.0,obstacle,,,
4560.0,-1245.0,obstacle,,,
5460.0,-1245.0,obstacle,,,
5955.0,-1275.0,obstacle,,,
4815.0,-1275.0,obstacle,,,
7095.0,-1275.0,obstacle,,,
8355.0,-1260.0,obstacle,,,
11145.0,-1230.0,obstacle,,,
10005.0,-1230.0,obstacle,,,
8865.0,-1230.0,obstacle,,,
12045.0,-1230.0,obstacle,,,
10905.0,-1230.0,obstacle,,,
9765.0,-1230.0,obstacle,,,
10260.0,-1260.0,obstacle,,,
11400.0,-1260.0,obstacle,,,
11295.0,-1215.0,obstacle,,,
11160.0,-1260.0,obstacle,,,
12300.0,-1260.0,obstacle,,,
7995.0,-1230.0,obstacle,,,
6855.0,-1230.0,obstacle,,,
5715.0,-1230.0,obstacle,,,
4575.0,-1230.0,obstacle,,,
6210.0,-1260.0,obstacle,,,
6105.0,-1215.0,obstacle,,,
8250.0,-1260.0,obstacle,,,
5970.0,-1260.0,obstacle,,,
7350.0,-1260.0,obstacle,,,
7245.0,-1215.0,obstacle,,,
7110.0,-1260.0,obstacle,,,
8640.0,-1245.0,obstacle,,,
8385.0,-1215.0,obstacle,,,
9780.0,-1245.0,obstacle,,,
6870.0,-1245.0,obstacle,,,
11280.0,-1260.0,obstacle,,,
7095.0,-1260.0,obstacle,,,
11175.0,-1230.0,obstacle,,,
10035.0,-1230.0,obstacle,,,
12315.0,-1230.0,obstacle,,,
12075.0,-1230.0,obstacle,,,
10935.0,-1230.0,obstacle,,,
11430.0,-1260.0,obstacle,,,
10800.0,-1275.0,obstacle,,,
7845.0,-1215.0,obstacle,,,
6705.0,-1215.0,obstacle,,,
5565.0,-1215.0,obstacle,,,
12570.0,-1260.0,obstacle,,,
5430.0,-1260.0,obstacle,,,
12330.0,-1260.0,obstacle,,,
11940.0,-1275.0,obstacle,,,
8265.0,-1230.0,obstacle,,,
5190.0,-1245.0,obstacle,,,
7590.0,-1260.0,obstacle,,,
9495.0,-1230.0,obstacle,,,
12675.0,-1230.0,obstacle,,,
11535.0,-1230.0,obstacle,,,
10395.0,-1230.0,obstacle,,,
11025.0,-1215.0,obstacle,,,
12165.0,-1215.0,obstacle,,,
11790.0,-1260.0,obstacle,,,
7725.0,-1230.0,obstacle,,,
6585.0,-1230.0,obstacle,,,
5445.0,-1230.0,obstacle,,,
8625.0,-1230.0,obstacle,,,
7485.0,-1230.0,obstacle,,,
6345.0,-1230.0,obstacle,,,
5205.0,-1230.0,obstacle,,,
5700.0,-1260.0,obstacle,,,
6840.0,-1260.0,obstacle,,,
7980.0,-1260.0,obstacle,,,
6600.0,-1260.0,obstacle,,,
7875.0,-1215.0,obstacle,,,
7740.0,-1260.0,obstacle,,,
8880.0,-1260.0,obstacle,,,
10020.0,-1260.0,obstacle,,,
4965.0,-1215.0,obstacle,,,
4830.0,-1260.0,obstacle,,,
9750.0,-1260.0,obstacle,,,
5220.0,-1245.0,obstacle,,,
11805.0,-1230.0,obstacle,,,
10665.0,-1230.0,obstacle,,,
11670.0,-1275.0,obstacle,,,
12810.0,-1275.0,obstacle,,,
11565.0,-1230.0,obstacle,,,
12705.0,-1230.0,obstacle,,,
12060.0,-1260.0,obstacle,,,
8895.0,-1230.0,obstacle,,,
7755.0,-1230.0,obstacle,,,
6615.0,-1230.0,obstacle,,,
10290.0,-1260.0,obstacle,,,
9660.0,-1275.0,obstacle,,,
8010.0,-1260.0,obstacle,,,
8520.0,-1275.0,obstacle,,,
9150.0,-1260.0,obstacle,,,
8490.0,-1260.0,obstacle,,,
8355.0,-1230.0,obstacle,,,
7215.0,-1230.0,obstacle,,,
6075.0,-1230.0,obstacle,,,
4935.0,-1230.0,obstacle,,,
8115.0,-1230.0,obstacle,,,
6975.0,-1230.0,obstacle,,,
6465.0,-1215.0,obstacle,,,
6330.0,-1260.0,obstacle,,,
5835.0,-1230.0,obstacle,,,
7605.0,-1215.0,obstacle,,,
7470.0,-1260.0,obstacle,,,
8745.0,-1215.0,obstacle,,,
8610.0,-1260.0,obstacle,,,
8370.0,-1260.0,obstacle,,,
10650.0,-1260.0,obstacle,,,
9510.0,-1260.0,obstacle,,,
4560.0,-1260.0,obstacle,,,
5460.0,-1260.0,obstacle,,,
12045.0,-1245.0,obstacle,,,
10905.0,-1245.0,obstacle,,,
9765.0,-1245.0,obstacle,,,
11400.0,-1275.0,obstacle,,,
11295.0,-1230.0,obstacle,,,
12435.0,-1230.0,obstacle,,,
11160.0,-1275.0,obstacle,,,
12300.0,-1275.0,obstacle,,,
12690.0,-1260.0,obstacle,,,
12195.0,-1230.0,obstacle,,,
9525.0,-1230.0,obstacle,,,
8385.0,-1230.0,obstacle,,,
7245.0,-1230.0,obstacle,,,
6105.0,-1230.0,obstacle,,,
8250.0,-1275.0,obstacle,,,
10920.0,-1260.0,obstacle,,,
8640.0,-1260.0,obstacle,,,
10425.0,-1230.0,obstacle,,,
10680.0,-1260.0,obstacle,,,
9780.0,-1260.0,obstacle,,,
9390.0,-1275.0,obstacle,,,
6870.0,-1260.0,obstacle,,,
12180.0,-1230.0,obstacle,,,
11820.0,-1215.0,obstacle,,,
12075.0,-1245.0,obstacle,,,
10935.0,-1245.0,obstacle,,,
12570.0,-1275.0,obstacle,,,
7845.0,-1230.0,obstacle,,,
6705.0,-1230.0,obstacle,,,
5565.0,-1230.0,obstacle,,,
12330.0,-1275.0,obstacle,,,
5430.0,-1275.0,obstacle,,,
8100.0,-1260.0,obstacle,,,
9240.0,-1260.0,obstacle,,,
9255.0,-1260.0,obstacle,,,
4695.0,-1230.0,obstacle,,,
5190.0,-1260.0,obstacle,,,
7230.0,-1260.0,obstacle,,,
6090.0,-1260.0,obstacle,,,
4950.0,-1260.0,obstacle,,,
12675.0,-1245.0,obstacle,,,
11535.0,-1245.0,obstacle,,,
10395.0,-1245.0,obstacle,,,
11025.0,-1230.0,obstacle,,,
12165.0,-1230.0,obstacle,,,
12420.0,-1260.0,obstacle,,,
11925.0,-1230.0,obstacle,,,
11790.0,-1275.0,obstacle,,,
9645.0,-1230.0,obstacle,,,
8625.0,-1245.0,obstacle,,,
7485.0,-1245.0,obstacle,,,
6345.0,-1245.0,obstacle,,,
7980.0,-1275.0,obstacle,,,
7875.0,-1230.0,obstacle,,,
8880.0,-1275.0,obstacle,,,
7740.0,-1275.0,obstacle,,,
6600.0,-1275.0,obstacle,,,
8775.0,-1230.0,obstacle,,,
10410.0,-1260.0,obstacle,,,
10155.0,-1230.0,obstacle,,,
10020.0,-1275.0,obstacle,,,
9915.0,-1230.0,obstacle,,,
9270.0,-1260.0,obstacle,,,
11550.0,-1260.0,obstacle,,,
4965.0,-1230.0,obstacle,,,
4830.0,-1275.0,obstacle,,,
7500.0,-1260.0,obstacle,,,
6360.0,-1260.0,obstacle,,,
5220.0,-1260.0,obstacle,,,
12450.0,-1215.0,obstacle,,,
11310.0,-1215.0,obstacle,,,
10170.0,-1215.0,obstacle,,,
10665.0,-1245.0,obstacle,,,
11805.0,-1245.0,obstacle,,,
12705.0,-1245.0,obstacle,,,
11565.0,-1245.0,obstacle,,,
12060.0,-1275.0,obstacle,,,
7335.0,-1230.0,obstacle,,,
6195.0,-1230.0,obstacle,,,
10290.0,-1275.0,obstacle,,,
9150.0,-1275.0,obstacle,,,
8010.0,-1275.0,obstacle,,,
6960.0,-1260.0,obstacle,,,
5820.0,-1260.0,obstacle,,,
4680.0,-1260.0,obstacle,,,
11655.0,-1230.0,obstacle,,,
7860.0,-1215.0,obstacle,,,
6720.0,-1215.0,obstacle,,,
5580.0,-1215.0,obstacle,,,
7215.0,-1245.0,obstacle,,,
8745.0,-1230.0,obstacle,,,
8115.0,-1245.0,obstacle,,,
6975.0,-1245.0,obstacle,,,
6465.0,-1230.0,obstacle,,,
6330.0,-1275.0,obstacle,,,
5835.0,-1245.0,obstacle,,,
7605.0,-1230.0,obstacle,,,
7470.0,-1275.0,obstacle,,,
8610.0,-1275.0,obstacle,,,
8505.0,-1230.0,obstacle,,,
8370.0,-1275.0,obstacle,,,
10650.0,-1275.0,obstacle,,,
10140.0,-1260.0,obstacle,,,
9510.0,-1275.0,obstacle,,,
9000.0,-1260.0,obstacle,,,
6735.0,-1230.0,obstacle,,,
4560.0,-1275.0,obstacle,,,
5595.0,-1230.0,obstacle,,,
5460.0,-1275.0,obstacle,,,
8130.0,-1260.0,obstacle,,,
6990.0,-1260.0,obstacle,,,
5850.0,-1260.0,obstacle,,,
4710.0,-1260.0,obstacle,,,
12180.0,-1215.0,obstacle,,,
11040.0,-1215.0,obstacle,,,
9900.0,-1215.0,obstacle,,,
11940.0,-1215.0,obstacle,,,
10800.0,-1215.0,obstacle,,,
11295.0,-1245.0,obstacle,,,
12435.0,-1245.0,obstacle,,,
12825.0,-1230.0,obstacle,,,
12195.0,-1245.0,obstacle,,,
12690.0,-1275.0,obstacle,,,
9030.0,-1215.0,obstacle,,,
9525.0,-1245.0,obstacle,,,
8385.0,-1245.0,obstacle,,,
7245.0,-1245.0,obstacle,,,
10425.0,-1245.0,obstacle,,,
10920.0,-1275.0,obstacle,,,
9780.0,-1275.0,obstacle,,,
8640.0,-1275.0,obstacle,,,
11820.0,-1275.0,obstacle,,,
5055.0,-1230.0,obstacle,,,
10680.0,-1275.0,obstacle,,,
6870.0,-1275.0,obstacle,,,
7590.0,-1215.0,obstacle,,,
6450.0,-1215.0,obstacle,,,
5310.0,-1215.0,obstacle,,,
7845.0,-1245.0,obstacle,,,
6705.0,-1245.0,obstacle,,,
5565.0,-1245.0,obstacle,,,
8235.0,-1230.0,obstacle,,,
10515.0,-1230.0,obstacle,,,
8100.0,-1275.0,obstacle,,,
9375.0,-1230.0,obstacle,,,
9240.0,-1275.0,obstacle,,,
5325.0,-1230.0,obstacle,,,
4695.0,-1245.0,obstacle,,,
5190.0,-1275.0,obstacle,,,
6225.0,-1230.0,obstacle,,,
5085.0,-1230.0,obstacle,,,
6090.0,-1275.0,obstacle,,,
4950.0,-1275.0,obstacle,,,
7230.0,-1275.0,obstacle,,,
8355.0,-1275.0,obstacle,,,
10770.0,-1215.0,obstacle,,,
9630.0,-1215.0,obstacle,,,
12810.0,-1215.0,obstacle,,,
11670.0,-1215.0,obstacle,,,
10530.0,-1215.0,obstacle,,,
11025.0,-1245.0,obstacle,,,
12675.0,-1260.0,obstacle,,,
12165.0,-1245.0,obstacle,,,
11910.0,-1215.0,obstacle,,,
12420.0,-1275.0,obstacle,,,
11925.0,-1245.0,obstacle,,,
9390.0,-1245.0,obstacle,,,
8760.0,-1215.0,obstacle,,,
7620.0,-1215.0,obstacle,,,
6480.0,-1215.0,obstacle,,,
5340.0,-1215.0,obstacle,,,
8520.0,-1215.0,obstacle,,,
10155.0,-1245.0,obstacle,,,
7875.0,-1245.0,obstacle,,,
10545.0,-1230.0,obstacle,,,
9915.0,-1245.0,obstacle,,,
8775.0,-1245.0,obstacle,,,
10410.0,-1275.0,obstacle,,,
9660.0,-1215.0,obstacle,,,
9405.0,-1230.0,obstacle,,,
10170.0,-1275.0,obstacle,,,
9270.0,-1275.0,obstacle,,,
9120.0,-1245.0,obstacle,,,
11550.0,-1275.0,obstacle,,,
11310.0,-1275.0,obstacle,,,
12450.0,-1275.0,obstacle,,,
4965.0,-1245.0,obstacle,,,
7500.0,-1275.0,obstacle,,,
6360.0,-1275.0,obstacle,,,
12795.0,840.0,obstacle,,,
3990.0,1275.0,obstacle,,,
3345.0,-165.0,obstacle,,,
4695.0,1365.0,obstacle,,,
3195.0,165.0,obstacle,,,
3975.0,-645.0,obstacle,,,
9975.0,-435.0,obstacle,,,
4635.0,-1035.0,obstacle,,,
4185.0,315.0,obstacle,,,
13080.0,600.0,obstacle,,,
12840.0,600.0,obstacle,,,
9885.0,-45.0,obstacle,,,
5025.0,1365.0,obstacle,,,
4650.0,405.0,obstacle,,,
4020.0,0.0,obstacle,,,
9405.0,-435.0,obstacle,,,
12825.0,90.0,obstacle,,,
3930.0,1275.0,obstacle,,,
4935.0,-240.0,obstacle,,,
4305.0,-645.0,obstacle,,,
10305.0,-435.0,obstacle,,,
10110.0,-345.0,obstacle,,,
13425.0,225.0,obstacle,,,
9870.0,-345.0,obstacle,,,
4950.0,1200.0,obstacle,,,
3180.0,795.0,obstacle,,,
10215.0,-45.0,obstacle,,,
9435.0,-255.0,obstacle,,,
4980.0,405.0,obstacle,,,
4710.0,-75.0,obstacle,,,
12855.0,90.0,obstacle,,,
4260.0,1275.0,obstacle,,,
12870.0,-150.0,obstacle,,,
4695.0,-720.0,obstacle,,,
12825.0,840.0,obstacle,,,
4965.0,1365.0,obstacle,,,
9885.0,-180.0,obstacle,,,
8970.0,405.0,obstacle,,,
4725.0,1365.0,obstacle,,,
4905.0,240.0,obstacle,,,
3300.0,1125.0,obstacle,,,
8730.0,405.0,obstacle,,,
4635.0,-240.0,obstacle,,,
13440.0,-285.0,obstacle,,,
10245.0,-45.0,obstacle,,,
3210.0,-480.0,obstacle,,,
10005.0,-435.0,obstacle,,,
4665.0,-1035.0,obstacle,,,
4290.0,1275.0,obstacle,,,
13050.0,-660.0,obstacle,,,
5025.0,-720.0,obstacle,,,
4650.0,1200.0,obstacle,,,
12750.0,-210.0,obstacle,,,
4920.0,405.0,obstacle,,,
12870.0,600.0,obstacle,,,
4680.0,405.0,obstacle,,,
4050.0,0.0,obstacle,,,
13485.0,-30.0,obstacle,,,
10140.0,-345.0,obstacle,,,
4950.0,-885.0,obstacle,,,
13455.0,225.0,obstacle,,,
4980.0,1200.0,obstacle,,,
13410.0,720.0,obstacle,,,
13125.0,90.0,obstacle,,,
12750.0,540.0,obstacle,,,
4005.0,-960.0,obstacle,,,
12765.0,-720.0,obstacle,,,
9705.0,-435.0,obstacle,,,
4215.0,-315.0,obstacle,,,
4905.0,1035.0,obstacle,,,
4995.0,1365.0,obstacle,,,
3480.0,795.0,obstacle,,,
9000.0,405.0,obstacle,,,
4755.0,1365.0,obstacle,,,
4935.0,240.0,obstacle,,,
3330.0,1125.0,obstacle,,,
4665.0,-240.0,obstacle,,,
13470.0,-285.0,obstacle,,,
5010.0,-75.0,obstacle,,,
3240.0,-480.0,obstacle,,,
10035.0,-435.0,obstacle,,,
4650.0,-885.0,obstacle,,,
4920.0,1200.0,obstacle,,,
12810.0,-960.0,obstacle,,,
4680.0,1200.0,obstacle,,,
12765.0,30.0,obstacle,,,
13350.0,720.0,obstacle,,,
4710.0,405.0,obstacle,,,
4695.0,-240.0,obstacle,,,
4965.0,-1035.0,obstacle,,,
13515.0,-525.0,obstacle,,,
4980.0,-885.0,obstacle,,,
13470.0,465.0,obstacle,,,
4725.0,-1035.0,obstacle,,,
4635.0,240.0,obstacle,,,
12810.0,-210.0,obstacle,,,
12795.0,-720.0,obstacle,,,
5025.0,-240.0,obstacle,,,
4020.0,1275.0,obstacle,,,
4935.0,1035.0,obstacle,,,
9510.0,120.0,obstacle,,,
4950.0,-405.0,obstacle,,,
4680.0,-885.0,obstacle,,,
12840.0,-960.0,obstacle,,,
4710.0,1200.0,obstacle,,,
12795.0,30.0,obstacle,,,
13380.0,720.0,obstacle,,,
4695.0,555.0,obstacle,,,
4965.0,-240.0,obstacle,,,
4725.0,-240.0,obstacle,,,
4995.0,-1035.0,obstacle,,,
13545.0,-525.0,obstacle,,,
3945.0,-315.0,obstacle,,,
13500.0,465.0,obstacle,,,
4635.0,1035.0,obstacle,,,
4755.0,-1035.0,obstacle,,,
3210.0,795.0,obstacle,,,
4665.0,240.0,obstacle,,,
12840.0,-210.0,obstacle,,,
5010.0,405.0,obstacle,,,
5025.0,555.0,obstacle,,,
4650.0,-405.0,obstacle,,,
4740.0,-75.0,obstacle,,,
9765.0,-45.0,obstacle,,,
12825.0,-720.0,obstacle,,,
4050.0,1275.0,obstacle,,,
12855.0,345.0,obstacle,,,
9780.0,120.0,obstacle,,,
9540.0,120.0,obstacle,,,
4980.0,-405.0,obstacle,,,
4710.0,-885.0,obstacle,,,
12855.0,-720.0,obstacle,,,
12870.0,-960.0,obstacle,,,
12825.0,30.0,obstacle,,,
4965.0,555.0,obstacle,,,
9765.0,-180.0,obstacle,,,
4725.0,555.0,obstacle,,,
4215.0,960.0,obstacle,,,
4995.0,-240.0,obstacle,,,
3495.0,-165.0,obstacle,,,
13365.0,-780.0,obstacle,,,
4755.0,-240.0,obstacle,,,
4665.0,1035.0,obstacle,,,
5010.0,1200.0,obstacle,,,
3240.0,795.0,obstacle,,,
3960.0,-960.0,obstacle,,,
4920.0,-405.0,obstacle,,,
13440.0,720.0,obstacle,,,
12870.0,-210.0,obstacle,,,
4680.0,-405.0,obstacle,,,
13005.0,-660.0,obstacle,,,
3375.0,165.0,obstacle,,,
4245.0,-315.0,obstacle,,,
13125.0,345.0,obstacle,,,
4695.0,1035.0,obstacle,,,
9810.0,120.0,obstacle,,,
10035.0,-180.0,obstacle,,,
4995.0,555.0,obstacle,,,
5025.0,1035.0,obstacle,,,
4740.0,405.0,obstacle,,,
4755.0,555.0,obstacle,,,
12765.0,285.0,obstacle,,,
9840.0,120.0,obstacle,,,
5010.0,-885.0,obstacle,,,
3990.0,-960.0,obstacle,,,
10065.0,-180.0,obstacle,,,
12750.0,-405.0,obstacle,,,
13470.0,720.0,obstacle,,,
4710.0,-405.0,obstacle,,,
10170.0,120.0,obstacle,,,
3405.0,165.0,obstacle,,,
4275.0,-315.0,obstacle,,,
4965.0,1035.0,obstacle,,,
4035.0,-315.0,obstacle,,,
4185.0,960.0,obstacle,,,
4725.0,1035.0,obstacle,,,
3945.0,960.0,obstacle,,,
13110.0,840.0,obstacle,,,
4740.0,1200.0,obstacle,,,
12795.0,285.0,obstacle,,,
9870.0,120.0,obstacle,,,
13575.0,-525.0,obstacle,,,
3975.0,-315.0,obstacle,,,
10095.0,-180.0,obstacle,,,
3225.0,-795.0,obstacle,,,
12810.0,840.0,obstacle,,,
9795.0,-45.0,obstacle,,,
4905.0,885.0,obstacle,,,
9315.0,-255.0,obstacle,,,
13020.0,-900.0,obstacle,,,
12780.0,-900.0,obstacle,,,
4305.0,-315.0,obstacle,,,
4995.0,1035.0,obstacle,,,
4215.0,-645.0,obstacle,,,
4755.0,1035.0,obstacle,,,
4290.0,-960.0,obstacle,,,
4200.0,315.0,obstacle,,,
9570.0,120.0,obstacle,,,
10125.0,-45.0,obstacle,,,
3960.0,315.0,obstacle,,,
4740.0,-885.0,obstacle,,,
13020.0,-150.0,obstacle,,,
8550.0,45.0,obstacle,,,
12780.0,-150.0,obstacle,,,
9795.0,-180.0,obstacle,,,
10320.0,-435.0,obstacle,,,
4245.0,960.0,obstacle,,,
12855.0,-465.0,obstacle,,,
10140.0,120.0,obstacle,,,
12825.0,285.0,obstacle,,,
3135.0,165.0,obstacle,,,
4005.0,-315.0,obstacle,,,
12780.0,780.0,obstacle,,,
10125.0,-180.0,obstacle,,,
12840.0,840.0,obstacle,,,
9825.0,-45.0,obstacle,,,
4935.0,885.0,obstacle,,,
13050.0,-900.0,obstacle,,,
13035.0,-660.0,obstacle,,,
8985.0,405.0,obstacle,,,
12855.0,285.0,obstacle,,,
13005.0,-405.0,obstacle,,,
10020.0,-435.0,obstacle,,,
4950.0,-555.0,obstacle,,,
4230.0,315.0,obstacle,,,
9600.0,120.0,obstacle,,,
3990.0,315.0,obstacle,,,
8820.0,45.0,obstacle,,,
13050.0,-150.0,obstacle,,,
9825.0,-180.0,obstacle,,,
4275.0,960.0,obstacle,,,
4905.0,1365.0,obstacle,,,
13005.0,345.0,obstacle,,,
4635.0,885.0,obstacle,,,
4035.0,960.0,obstacle,,,
3480.0,1125.0,obstacle,,,
4185.0,-645.0,obstacle,,,
9525.0,-45.0,obstacle,,,
3390.0,-480.0,obstacle,,,
3945.0,-645.0,obstacle,,,
3570.0,-795.0,obstacle,,,
8850.0,45.0,obstacle,,,
3150.0,-480.0,obstacle,,,
12765.0,540.0,obstacle,,,
4650.0,-555.0,obstacle,,,
4020.0,-960.0,obstacle,,,
13590.0,-30.0,obstacle,,,
3930.0,315.0,obstacle,,,
4740.0,-405.0,obstacle,,,
12870.0,840.0,obstacle,,,
9855.0,-45.0,obstacle,,,
10200.0,120.0,obstacle,,,
13065.0,-660.0,obstacle,,,
12750.0,-150.0,obstacle,,,
4950.0,240.0,obstacle,,,
8775.0,405.0,obstacle,,,
9180.0,45.0,obstacle,,,
10050.0,-435.0,obstacle,,,
4980.0,-555.0,obstacle,,,
3975.0,960.0,obstacle,,,
10080.0,-345.0,obstacle,,,
3555.0,-795.0,obstacle,,,
4260.0,315.0,obstacle,,,
9630.0,120.0,obstacle,,,
13110.0,-900.0,obstacle,,,
12750.0,780.0,obstacle,,,
3225.0,480.0,obstacle,,,
13530.0,-30.0,obstacle,,,
4905.0,-720.0,obstacle,,,
9855.0,-180.0,obstacle,,,
4305.0,960.0,obstacle,,,
4935.0,1365.0,obstacle,,,
9555.0,-45.0,obstacle,,,
4665.0,885.0,obstacle,,,
3510.0,1125.0,obstacle,,,
4290.0,315.0,obstacle,,,
12765.0,-660.0,obstacle,,,
4650.0,240.0,obstacle,,,
9615.0,405.0,obstacle,,,
4920.0,-555.0,obstacle,,,
3420.0,-480.0,obstacle,,,
3180.0,-480.0,obstacle,,,
12795.0,540.0,obstacle,,,
4680.0,-555.0,obstacle,,,
4050.0,-960.0,obstacle,,,
8880.0,45.0,obstacle,,,
3255.0,-795.0,obstacle,,,
9780.0,-345.0,obstacle,,,
9345.0,-255.0,obstacle,,,
13095.0,-660.0,obstacle,,,
9105.0,-255.0,obstacle,,,
10230.0,120.0,obstacle,,,
4695.0,885.0,obstacle,,,
12810.0,-900.0,obstacle,,,
4980.0,240.0,obstacle,,,
4005.0,960.0,obstacle,,,
4635.0,1365.0,obstacle,,,
3585.0,-795.0,obstacle,,,
13350.0,-285.0,obstacle,,,
3495.0,480.0,obstacle,,,
3120.0,-480.0,obstacle,,,
4905.0,75.0,obstacle,,,
5025.0,885.0,obstacle,,,
12810.0,30.0,obstacle,,,
3480.0,-165.0,obstacle,,,
13560.0,-30.0,obstacle,,,
8580.0,45.0,obstacle,,,
4935.0,-720.0,obstacle,,,
5010.0,-1035.0,obstacle,,,
12795.0,-660.0,obstacle,,,
13515.0,465.0,obstacle,,,
3540.0,1125.0,obstacle,,,
4950.0,720.0,obstacle,,,
4680.0,240.0,obstacle,,,
9645.0,405.0,obstacle,,,
3450.0,-480.0,obstacle,,,
8910.0,45.0,obstacle,,,
12810.0,780.0,obstacle,,,
12825.0,540.0,obstacle,,,
4710.0,-555.0,obstacle,,,
3525.0,-795.0,obstacle,,,
9810.0,-345.0,obstacle,,,
12780.0,-960.0,obstacle,,,
3285.0,-795.0,obstacle,,,
9375.0,-255.0,obstacle,,,
13080.0,-900.0,obstacle,,,
4965.0,885.0,obstacle,,,
9135.0,-255.0,obstacle,,,
12840.0,-900.0,obstacle,,,
4725.0,885.0,obstacle,,,
10215.0,405.0,obstacle,,,
13035.0,-405.0,obstacle,,,
4635.0,-720.0,obstacle,,,
12855.0,540.0,obstacle,,,
3390.0,795.0,obstacle,,,
4665.0,1365.0,obstacle,,,
3240.0,1125.0,obstacle,,,
4650.0,720.0,obstacle,,,
4020.0,315.0,obstacle,,,
4920.0,-75.0,obstacle,,,
13380.0,-285.0,obstacle,,,
9345.0,405.0,obstacle,,,
4935.0,75.0,obstacle,,,
13080.0,-150.0,obstacle,,,
10245.0,405.0,obstacle,,,
3510.0,-165.0,obstacle,,,
12840.0,30.0,obstacle,,,
8610.0,45.0,obstacle,,,
12750.0,-900.0,obstacle,,,
9075.0,-255.0,obstacle,,,
13035.0,345.0,obstacle,,,
12825.0,-660.0,obstacle,,,
13545.0,465.0,obstacle,,,
4980.0,720.0,obstacle,,,
3555.0,480.0,obstacle,,,
9675.0,405.0,obstacle,,,
13005.0,600.0,obstacle,,,
4710.0,240.0,obstacle,,,
12840.0,780.0,obstacle,,,
4695.0,-405.0,obstacle,,,
3315.0,-795.0,obstacle,,,
9405.0,-255.0,obstacle,,,
4995.0,885.0,obstacle,,,
4905.0,555.0,obstacle,,,
12855.0,-660.0,obstacle,,,
4635.0,75.0,obstacle,,,
4755.0,885.0,obstacle,,,
12870.0,-900.0,obstacle,,,
8805.0,405.0,obstacle,,,
9210.0,45.0,obstacle,,,
13065.0,-405.0,obstacle,,,
4665.0,-720.0,obstacle,,,
5010.0,-555.0,obstacle,,,
3420.0,795.0,obstacle,,,
4920.0,720.0,obstacle,,,
3270.0,1125.0,obstacle,,,
4680.0,720.0,obstacle,,,
4050.0,315.0,obstacle,,,
12870.0,30.0,obstacle,,,
3255.0,480.0,obstacle,,,
9375.0,405.0,obstacle,,,
8640.0,45.0,obstacle,,,
10275.0,405.0,obstacle,,,
3540.0,-165.0,obstacle,,,
12750.0,-960.0,obstacle,,,
13410.0,-780.0,obstacle,,,
13065.0,345.0,obstacle,,,
4005.0,-645.0,obstacle,,,
3585.0,480.0,obstacle,,,
12765.0,-405.0,obstacle,,,
13455.0,-525.0,obstacle,,,
12870.0,780.0,obstacle,,,
3120.0,795.0,obstacle,,,
4215.0,0.0,obstacle,,,
13125.0,-660.0,obstacle,,,
4935.0,555.0,obstacle,,,
9075.0,405.0,obstacle,,,
4665.0,75.0,obstacle,,,
5010.0,240.0,obstacle,,,
9975.0,405.0,obstacle,,,
8835.0,405.0,obstacle,,,
3240.0,-165.0,obstacle,,,
13095.0,-405.0,obstacle,,,
9240.0,45.0,obstacle,,,
12765.0,345.0,obstacle,,,
3450.0,795.0,obstacle,,,
3525.0,480.0,obstacle,,,
4710.0,720.0,obstacle,,,
3285.0,480.0,obstacle,,,
9405.0,405.0,obstacle,,,
4695.0,75.0,obstacle,,,
10305.0,405.0,obstacle,,,
4965.0,-720.0,obstacle,,,
4725.0,-720.0,obstacle,,,
13095.0,345.0,obstacle,,,
3570.0,1125.0,obstacle,,,
4635.0,555.0,obstacle,,,
4200.0,645.0,obstacle,,,
12795.0,-405.0,obstacle,,,
9435.0,405.0,obstacle,,,
5025.0,75.0,obstacle,,,
3960.0,645.0,obstacle,,,
4740.0,-555.0,obstacle,,,
9330.0,-435.0,obstacle,,,
9165.0,-255.0,obstacle,,,
10005.0,405.0,obstacle,,,
9270.0,45.0,obstacle,,,
12795.0,345.0,obstacle,,,
4965.0,75.0,obstacle,,,
3315.0,480.0,obstacle,,,
4725.0,75.0,obstacle,,,
4995.0,-720.0,obstacle,,,
3300.0,-165.0,obstacle,,,
3945.0,0.0,obstacle,,,
4755.0,-720.0,obstacle,,,
3150.0,165.0,obstacle,,,
13575.0,465.0,obstacle,,,
3600.0,1125.0,obstacle,,,
4665.0,555.0,obstacle,,,
5010.0,720.0,obstacle,,,
4740.0,240.0,obstacle,,,
9705.0,405.0,obstacle,,,
13035.0,600.0,obstacle,,,
4230.0,645.0,obstacle,,,
12825.0,-405.0,obstacle,,,
3990.0,645.0,obstacle,,,
4920.0,-885.0,obstacle,,,
9840.0,-45.0,obstacle,,,
3345.0,-795.0,obstacle,,,
13020.0,90.0,obstacle,,,
9600.0,-435.0,obstacle,,,
9360.0,-435.0,obstacle,,,
12780.0,90.0,obstacle,,,
10065.0,-345.0,obstacle,,,
10035.0,405.0,obstacle,,,
4185.0,-315.0,obstacle,,,
12855.0,-405.0,obstacle,,,
10170.0,-45.0,obstacle,,,
12825.0,345.0,obstacle,,,
13020.0,840.0,obstacle,,,
4215.0,1275.0,obstacle,,,
4995.0,75.0,obstacle,,,
3930.0,645.0,obstacle,,,
12780.0,840.0,obstacle,,,
4755.0,75.0,obstacle,,,
3570.0,-165.0,obstacle,,,
9840.0,-180.0,obstacle,,,
10065.0,405.0,obstacle,,,
3330.0,-165.0,obstacle,,,
13440.0,-780.0,obstacle,,,
3180.0,165.0,obstacle,,,
3960.0,-645.0,obstacle,,,
13485.0,-525.0,obstacle,,,
4260.0,645.0,obstacle,,,
13065.0,600.0,obstacle,,,
4245.0,0.0,obstacle,,,
9870.0,-45.0,obstacle,,,
9630.0,-435.0,obstacle,,,
10095.0,-345.0,obstacle,,,
13410.0,225.0,obstacle,,,
13125.0,-405.0,obstacle,,,
4290.0,645.0,obstacle,,,
4200.0,-960.0,obstacle,,,
9660.0,-435.0,obstacle,,,
4740.0,720.0,obstacle,,,
13050.0,840.0,obstacle,,,
12765.0,600.0,obstacle,,,
9870.0,-180.0,obstacle,,,
10335.0,405.0,obstacle,,,
4950.0,1365.0,obstacle,,,
3600.0,-165.0,obstacle,,,
9570.0,-45.0,obstacle,,,
13470.0,-780.0,obstacle,,,
10230.0,-435.0,obstacle,,,
3990.0,-645.0,obstacle,,,
12765.0,-465.0,obstacle,,,
9990.0,-435.0,obstacle,,,
13350.0,225.0,obstacle,,,
9795.0,-345.0,obstacle,,,
13095.0,600.0,obstacle,,,
4905.0,405.0,obstacle,,,
4275.0,0.0,obstacle,,,
10245.0,120.0,obstacle,,,
3480.0,165.0,obstacle,,,
4035.0,0.0,obstacle,,,
4185.0,1275.0,obstacle,,,
13470.0,-30.0,obstacle,,,
12750.0,840.0,obstacle,,,
3945.0,1275.0,obstacle,,,
10125.0,-345.0,obstacle,,,
4650.0,1365.0,obstacle,,,
4230.0,-960.0,obstacle,,,
9690.0,-435.0,obstacle,,,
13110.0,90.0,obstacle,,,
3345.0,480.0,obstacle,,,
12795.0,600.0,obstacle,,,
4980.0,1365.0,obstacle,,,
3975.0,0.0,obstacle,,,
9600.0,-45.0,obstacle,,,
10260.0,-435.0,obstacle,,,
12795.0,-465.0,obstacle,,,
13380.0,225.0,obstacle,,,
3225.0,-480.0,obstacle,,,
9825.0,-345.0,obstacle,,,
4905.0,1200.0,obstacle,,,
4020.0,645.0,obstacle,,,
4935.0,405.0,obstacle,,,
4305.0,0.0,obstacle,,,
3930.0,-960.0,obstacle,,,
13500.0,-30.0,obstacle,,,
12810.0,90.0,obstacle,,,
4290.0,-645.0,obstacle,,,
9390.0,-435.0,obstacle,,,
4950.0,-1035.0,obstacle,,,
4680.0,1365.0,obstacle,,,
10200.0,-45.0,obstacle,,,
13395.0,-285.0,obstacle,,,
9960.0,-435.0,obstacle,,,
4260.0,-960.0,obstacle,,,
4695.0,-75.0,obstacle,,,
9720.0,-435.0,obstacle,,,
4245.0,1275.0,obstacle,,,
12855.0,-150.0,obstacle,,,
12780.0,-720.0,obstacle,,,
12825.0,600.0,obstacle,,,
4635.0,405.0,obstacle,,,
4005.0,0.0,obstacle,,,
9630.0,-45.0,obstacle,,,
3210.0,165.0,obstacle,,,
12825.0,-465.0,obstacle,,,
5025.0,-75.0,obstacle,,,
4650.0,-1035.0,obstacle,,,
9855.0,-345.0,obstacle,,,
4935.0,1200.0,obstacle,,,
4050.0,645.0,obstacle,,,
12855.0,600.0,obstacle,,,
12780.0,30.0,obstacle,,,
13365.0,720.0,obstacle,,,
13080.0,90.0,obstacle,,,
9420.0,-435.0,obstacle,,,
12840.0,90.0,obstacle,,,
4950.0,-240.0,obstacle,,,
4980.0,-1035.0,obstacle,,,
13440.0,225.0,obstacle,,,
3435.0,795.0,obstacle,,,
4710.0,1365.0,obstacle,,,
10230.0,-45.0,obstacle,,,
13425.0,-285.0,obstacle,,,
4965.0,-75.0,obstacle,,,
13125.0,-150.0,obstacle,,,
4725.0,-75.0,obstacle,,,
3495.0,-795.0,obstacle,,,
13080.0,840.0,obstacle,,,
4275.0,1275.0,obstacle,,,
4635.0,1200.0,obstacle,,,
4035.0,1275.0,obstacle,,,
4665.0,405.0,obstacle,,,
3240.0,165.0,obstacle,,,
4650.0,-240.0,obstacle,,,
9765.0,120.0,obstacle,,,
4920.0,-1035.0,obstacle,,,
4020.0,-645.0,obstacle,,,
4680.0,-1035.0,obstacle,,,
13125.0,600.0,obstacle,,,
12765.0,-210.0,obstacle,,,
4950.0,555.0,obstacle,,,
4695.0,405.0,obstacle,,,
9450.0,-435.0,obstacle,,,
12870.0,90.0,obstacle,,,
3975.0,1275.0,obstacle,,,
4980.0,-240.0,obstacle,,,
9255.0,45.0,obstacle,,,
13470.0,225.0,obstacle,,,
3465.0,795.0,obstacle,,,
3225.0,795.0,obstacle,,,
13455.0,-285.0,obstacle,,,
4905.0,-405.0,obstacle,,,
5025.0,405.0,obstacle,,,
4995.0,-75.0,obstacle,,,
4755.0,-75.0,obstacle,,,
4305.0,1275.0,obstacle,,,
4665.0,1200.0,obstacle,,,
12750.0,30.0,obstacle,,,
5010.0,1365.0,obstacle,,,
13110.0,345.0,obstacle,,,
4650.0,555.0,obstacle,,,
9015.0,405.0,obstacle,,,
4920.0,-240.0,obstacle,,,
10290.0,-435.0,obstacle,,,
4680.0,-240.0,obstacle,,,
4050.0,-645.0,obstacle,,,
13455.0,465.0,obstacle,,,
4710.0,-1035.0,obstacle,,,
3165.0,795.0,obstacle,,,
4695.0,1200.0,obstacle,,,
12795.0,-210.0,obstacle,,,
4965.0,405.0,obstacle,,,
4980.0,555.0,obstacle,,,
4725.0,405.0,obstacle,,,
4005.0,1275.0,obstacle,,,
9285.0,45.0,obstacle,,,
12810.0,345.0,obstacle,,,
3495.0,795.0,obstacle,,,
8715.0,405.0,obstacle,,,
5025.0,1200.0,obstacle,,,
4935.0,-405.0,obstacle,,,
5010.0,-720.0,obstacle,,,
12810.0,-720.0,obstacle,,,
4950.0,1035.0,obstacle,,,
4680.0,555.0,obstacle,,,
9045.0,405.0,obstacle,,,
4710.0,-240.0,obstacle,,,
10080.0,-435.0,obstacle,,,
9885.0,-345.0,obstacle,,,
4695.0,-885.0,obstacle,,,
4965.0,1200.0,obstacle,,,
3195.0,795.0,obstacle,,,
12855.0,-960.0,obstacle,,,
4725.0,1200.0,obstacle,,,
12825.0,-210.0,obstacle,,,
13395.0,720.0,obstacle,,,
4995.0,405.0,obstacle,,,
4635.0,-405.0,obstacle,,,
4755.0,405.0,obstacle,,,
12780.0,285.0,obstacle,,,
4200.0,-315.0,obstacle,,,
3960.0,-315.0,obstacle,,,
4650.0,1035.0,obstacle,,,
4740.0,1365.0,obstacle,,,
12840.0,345.0,obstacle,,,
4920.0,240.0,obstacle,,,
8745.0,405.0,obstacle,,,
5025.0,-885.0,obstacle,,,
12855.0,-210.0,obstacle,,,
13005.0,-900.0,obstacle,,,
12840.0,-720.0,obstacle,,,
4980.0,1035.0,obstacle,,,
4710.0,555.0,obstacle,,,
9795.0,120.0,obstacle,,,
4965.0,-885.0,obstacle,,,
4725.0,-885.0,obstacle,,,
4995.0,1200.0,obstacle,,,
13005.0,-150.0,obstacle,,,
10020.0,-180.0,obstacle,,,
4755.0,1200.0,obstacle,,,
13425.0,720.0,obstacle,,,
4665.0,-405.0,obstacle,,,
5010.0,-240.0,obstacle,,,
10125.0,120.0,obstacle,,,
4230.0,-315.0,obstacle,,,
4920.0,1035.0,obstacle,,,
3990.0,-315.0,obstacle,,,
4680.0,1035.0,obstacle,,,
12870.0,345.0,obstacle,,,
3345.0,1125.0,obstacle,,,
12870.0,-720.0,obstacle,,,
12750.0,285.0,obstacle,,,
9825.0,120.0,obstacle,,,
13530.0,-525.0,obstacle,,,
4215.0,315.0,obstacle,,,
3930.0,-315.0,obstacle,,,
9585.0,120.0,obstacle,,,
13485.0,465.0,obstacle,,,
5025.0,-405.0,obstacle,,,
4740.0,-1035.0,obstacle,,,
4755.0,-885.0,obstacle,,,
4995.0,-885.0,obstacle,,,
10050.0,-180.0,obstacle,,,
5010.0,555.0,obstacle,,,
13455.0,720.0,obstacle,,,
9510.0,-45.0,obstacle,,,
4260.0,-315.0,obstacle,,,
3375.0,-480.0,obstacle,,,
4710.0,1035.0,obstacle,,,
4245.0,-960.0,obstacle,,,
9525.0,120.0,obstacle,,,
4965.0,-405.0,obstacle,,,
4725.0,-405.0,obstacle,,,
4290.0,-315.0,obstacle,,,
4200.0,960.0,obstacle,,,
12810.0,-465.0,obstacle,,,
13350.0,-780.0,obstacle,,,
3960.0,960.0,obstacle,,,
4740.0,-240.0,obstacle,,,
9855.0,120.0,obstacle,,,
13560.0,-525.0,obstacle,,,
13515.0,-30.0,obstacle,,,
10080.0,-180.0,obstacle,,,
9780.0,-45.0,obstacle,,,
9540.0,-45.0,obstacle,,,
12810.0,285.0,obstacle,,,
3405.0,-480.0,obstacle,,,
4905.0,-555.0,obstacle,,,
4275.0,-960.0,obstacle,,,
12780.0,540.0,obstacle,,,
4035.0,-960.0,obstacle,,,
3480.0,-795.0,obstacle,,,
9765.0,-345.0,obstacle,,,
9555.0,120.0,obstacle,,,
4995.0,-405.0,obstacle,,,
3945.0,315.0,obstacle,,,
9330.0,-255.0,obstacle,,,
4755.0,-405.0,obstacle,,,
13035.0,-900.0,obstacle,,,
5010.0,1035.0,obstacle,,,
9780.0,-180.0,obstacle,,,
4740.0,555.0,obstacle,,,
4230.0,960.0,obstacle,,,
12840.0,-465.0,obstacle,,,
13380.0,-780.0,obstacle,,,
3270.0,-165.0,obstacle,,,
3990.0,960.0,obstacle,,,
8805.0,45.0,obstacle,,,
3975.0,-960.0,obstacle,,,
13035.0,-150.0,obstacle,,,
13545.0,-30.0,obstacle,,,
9435.0,-435.0,obstacle,,,
4185.0,0.0,obstacle,,,
9810.0,-45.0,obstacle,,,
10155.0,120.0,obstacle,,,
3390.0,165.0,obstacle,,,
12780.0,-660.0,obstacle,,,
12840.0,285.0,obstacle,,,
13020.0,-660.0,obstacle,,,
4020.0,-315.0,obstacle,,,
10035.0,-345.0,obstacle,,,
4935.0,-555.0,obstacle,,,
3930.0,960.0,obstacle,,,
4305.0,-960.0,obstacle,,,
3510.0,-795.0,obstacle,,,
12855.0,840.0,obstacle,,,
9360.0,-255.0,obstacle,,,
4950.0,885.0,obstacle,,,
13065.0,-900.0,obstacle,,,
9810.0,-180.0,obstacle,,,
4260.0,960.0,obstacle,,,
12870.0,-465.0,obstacle,,,
3375.0,795.0,obstacle,,,
4695.0,-1035.0,obstacle,,,
4245.0,315.0,obstacle,,,
9615.0,120.0,obstacle,,,
3225.0,1125.0,obstacle,,,
13365.0,-285.0,obstacle,,,
4905.0,-75.0,obstacle,,,
3135.0,-480.0,obstacle,,,
9330.0,405.0,obstacle,,,
4635.0,-555.0,obstacle,,,
13065.0,-150.0,obstacle,,,
8595.0,45.0,obstacle,,,
8835.0,45.0,obstacle,,,
4290.0,960.0,obstacle,,,
9060.0,-255.0,obstacle,,,
10185.0,120.0,obstacle,,,
4650.0,885.0,obstacle,,,
3420.0,165.0,obstacle,,,
12870.0,285.0,obstacle,,,
5025.0,-1035.0,obstacle,,,
4200.0,-645.0,obstacle,,,
12765.0,-900.0,obstacle,,,
4050.0,-315.0,obstacle,,,
4740.0,1035.0,obstacle,,,
3540.0,-795.0,obstacle,,,
13125.0,840.0,obstacle,,,
13095.0,-900.0,obstacle,,,
4980.0,885.0,obstacle,,,
8535.0,45.0,obstacle,,,
13050.0,90.0,obstacle,,,
9030.0,405.0,obstacle,,,
12765.0,-150.0,obstacle,,,
10065.0,-435.0,obstacle,,,
12750.0,-660.0,obstacle,,,
9885.0,120.0,obstacle,,,
3495.0,1125.0,obstacle,,,
4905.0,720.0,obstacle,,,
3405.0,795.0,obstacle,,,
4275.0,315.0,obstacle,,,
3480.0,480.0,obstacle,,,
9600.0,405.0,obstacle,,,
4035.0,315.0,obstacle,,,
3120.0,165.0,obstacle,,,
12765.0,780.0,obstacle,,,
9360.0,405.0,obstacle,,,
4665.0,-555.0,obstacle,,,
4935.0,-75.0,obstacle,,,
13095.0,-150.0,obstacle,,,
3240.0,-795.0,obstacle,,,
8865.0,45.0,obstacle,,,
10110.0,-180.0,obstacle,,,
4920.0,885.0,obstacle,,,
9090.0,-255.0,obstacle,,,
10215.0,120.0,obstacle,,,
4680.0,885.0,obstacle,,,
3450.0,165.0,obstacle,,,
12750.0,90.0,obstacle,,,
4230.0,-645.0,obstacle,,,
12795.0,-900.0,obstacle,,,
3435.0,-480.0,obstacle,,,
12810.0,540.0,obstacle,,,
4695.0,-555.0,obstacle,,,
10140.0,-45.0,obstacle,,,
3975.0,315.0,obstacle,,,
13110.0,-660.0,obstacle,,,
4635.0,-75.0,obstacle,,,
8565.0,45.0,obstacle,,,
9060.0,405.0,obstacle,,,
12795.0,-150.0,obstacle,,,
3225.0,-165.0,obstacle,,,
10335.0,-435.0,obstacle,,,
5025.0,-555.0,obstacle,,,
4020.0,960.0,obstacle,,,
4935.0,720.0,obstacle,,,
4305.0,315.0,obstacle,,,
3930.0,-645.0,obstacle,,,
3510.0,480.0,obstacle,,,
9630.0,405.0,obstacle,,,
12795.0,780.0,obstacle,,,
13575.0,-30.0,obstacle,,,
10140.0,-180.0,obstacle,,,
4950.0,-720.0,obstacle,,,
3270.0,-795.0,obstacle,,,
12810.0,-660.0,obstacle,,,
12825.0,-900.0,obstacle,,,
4710.0,885.0,obstacle,,,
3555.0,1125.0,obstacle,,,
4260.0,-645.0,obstacle,,,
8760.0,405.0,obstacle,,,
9165.0,45.0,obstacle,,,
4695.0,240.0,obstacle,,,
9660.0,405.0,obstacle,,,
4965.0,-555.0,obstacle,,,
13020.0,-405.0,obstacle,,,
12780.0,-405.0,obstacle,,,
12840.0,540.0,obstacle,,,
4725.0,-555.0,obstacle,,,
3465.0,-480.0,obstacle,,,
8925.0,45.0,obstacle,,,
3135.0,795.0,obstacle,,,
3300.0,-795.0,obstacle,,,
4635.0,720.0,obstacle,,,
4005.0,315.0,obstacle,,,
9390.0,-255.0,obstacle,,,
12855.0,-900.0,obstacle,,,
4665.0,-75.0,obstacle,,,
10230.0,405.0,obstacle,,,
9090.0,405.0,obstacle,,,
12825.0,-150.0,obstacle,,,
5025.0,240.0,obstacle,,,
9990.0,405.0,obstacle,,,
4650.0,-720.0,obstacle,,,
4920.0,1365.0,obstacle,,,
13020.0,345.0,obstacle,,,
4050.0,960.0,obstacle,,,
12780.0,345.0,obstacle,,,
3255.0,1125.0,obstacle,,,
3540.0,480.0,obstacle,,,
3165.0,-480.0,obstacle,,,
4950.0,75.0,obstacle,,,
12855.0,30.0,obstacle,,,
12825.0,780.0,obstacle,,,
8625.0,45.0,obstacle,,,
4980.0,-720.0,obstacle,,,
13080.0,-660.0,obstacle,,,
12840.0,-660.0,obstacle,,,
3585.0,1125.0,obstacle,,,
4965.0,240.0,obstacle,,,
8790.0,405.0,obstacle,,,
9195.0,45.0,obstacle,,,
4725.0,240.0,obstacle,,,
9690.0,405.0,obstacle,,,
4215.0,645.0,obstacle,,,
4995.0,-555.0,obstacle,,,
12855.0,780.0,obstacle,,,
12870.0,540.0,obstacle,,,
4755.0,-555.0,obstacle,,,
13050.0,-405.0,obstacle,,,
3495.0,-480.0,obstacle,,,
4905.0,-885.0,obstacle,,,
13005.0,90.0,obstacle,,,
4665.0,720.0,obstacle,,,
3330.0,-795.0,obstacle,,,
5010.0,885.0,obstacle,,,
3240.0,480.0,obstacle,,,
9180.0,-255.0,obstacle,,,
4650.0,75.0,obstacle,,,
9420.0,-255.0,obstacle,,,
10260.0,405.0,obstacle,,,
4920.0,-720.0,obstacle,,,
13125.0,-900.0,obstacle,,,
4680.0,-720.0,obstacle,,,
13050.0,345.0,obstacle,,,
3525.0,1125.0,obstacle,,,
3285.0,1125.0,obstacle,,,
4695.0,720.0,obstacle,,,
8895.0,45.0,obstacle,,,
13005.0,840.0,obstacle,,,
9390.0,405.0,obstacle,,,
4980.0,75.0,obstacle,,,
3195.0,-480.0,obstacle,,,
3555.0,-165.0,obstacle,,,
12765.0,-960.0,obstacle,,,
8655.0,45.0,obstacle,,,
9120.0,-255.0,obstacle,,,
12870.0,-660.0,obstacle,,,
4995.0,240.0,obstacle,,,
5025.0,720.0,obstacle,,,
8820.0,405.0,obstacle,,,
9960.0,405.0,obstacle,,,
4755.0,240.0,obstacle,,,
9720.0,405.0,obstacle,,,
4935.0,-885.0,obstacle,,,
13470.0,-525.0,obstacle,,,
9225.0,45.0,obstacle,,,
12750.0,345.0,obstacle,,,
3600.0,-795.0,obstacle,,,
4920.0,75.0,obstacle,,,
3270.0,480.0,obstacle,,,
4680.0,75.0,obstacle,,,
12750.0,-720.0,obstacle,,,
3255.0,-165.0,obstacle,,,
13110.0,-405.0,obstacle,,,
4710.0,-720.0,obstacle,,,
13530.0,465.0,obstacle,,,
4965.0,720.0,obstacle,,,
3315.0,1125.0,obstacle,,,
4725.0,720.0,obstacle,,,
4185.0,645.0,obstacle,,,
3300.0,480.0,obstacle,,,
9420.0,405.0,obstacle,,,
3945.0,645.0,obstacle,,,
4635.0,-885.0,obstacle,,,
10320.0,405.0,obstacle,,,
3585.0,-165.0,obstacle,,,
12795.0,-960.0,obstacle,,,
9150.0,-255.0,obstacle,,,
4740.0,885.0,obstacle,,,
10020.0,-345.0,obstacle,,,
13500.0,-525.0,obstacle,,,
5010.0,-405.0,obstacle,,,
12810.0,-405.0,obstacle,,,
3525.0,-165.0,obstacle,,,
4710.0,75.0,obstacle,,,
13395.0,-780.0,obstacle,,,
10020.0,405.0,obstacle,,,
3285.0,-165.0,obstacle,,,
13560.0,465.0,obstacle,,,
4215.0,-960.0,obstacle,,,
4995.0,720.0,obstacle,,,
3570.0,480.0,obstacle,,,
4755.0,720.0,obstacle,,,
13020.0,600.0,obstacle,,,
3330.0,480.0,obstacle,,,
9450.0,405.0,obstacle,,,
12780.0,600.0,obstacle,,,
4200.0,0.0,obstacle,,,
4665.0,-885.0,obstacle,,,
12825.0,-960.0,obstacle,,,
3960.0,0.0,obstacle,,,
9585.0,-45.0,obstacle,,,
4920.0,555.0,obstacle,,,
10050.0,-345.0,obstacle,,,
12780.0,-465.0,obstacle,,,
13365.0,225.0,obstacle,,,
13080.0,-405.0,obstacle,,,
4245.0,645.0,obstacle,,,
12840.0,-405.0,obstacle,,,
9615.0,-435.0,obstacle,,,
13035.0,90.0,obstacle,,,
10290.0,405.0,obstacle,,,
13425.0,-780.0,obstacle,,,
10050.0,405.0,obstacle,,,
3315.0,-165.0,obstacle,,,
13080.0,345.0,obstacle,,,
3600.0,480.0,obstacle,,,
13035.0,840.0,obstacle,,,
13050.0,600.0,obstacle,,,
5010.0,75.0,obstacle,,,
4230.0,0.0,obstacle,,,
3435.0,165.0,obstacle,,,
3990.0,0.0,obstacle,,,
4275.0,645.0,obstacle,,,
12870.0,-405.0,obstacle,,,
4035.0,645.0,obstacle,,,
4185.0,-960.0,obstacle,,,
9645.0,-435.0,obstacle,,,
13065.0,90.0,obstacle,,,
3945.0,-960.0,obstacle,,,
12750.0,600.0,obstacle,,,
13455.0,-780.0,obstacle,,,
3930.0,0.0,obstacle,,,
10080.0,405.0,obstacle,,,
4740.0,-720.0,obstacle,,,
10215.0,-435.0,obstacle,,,
13410.0,-285.0,obstacle,,,
4950.0,-75.0,obstacle,,,
12750.0,-465.0,obstacle,,,
13110.0,-150.0,obstacle,,,
13065.0,840.0,obstacle,,,
3975.0,645.0,obstacle,,,
4260.0,0.0,obstacle,,,
3465.0,165.0,obstacle,,,
9345.0,-435.0,obstacle,,,
12765.0,90.0,obstacle,,,
4245.0,-645.0,obstacle,,,
3225.0,165.0,obstacle,,,
10245.0,-435.0,obstacle,,,
4905.0,-1035.0,obstacle,,,
4305.0,645.0,obstacle,,,
13110.0,600.0,obstacle,,,
10155.0,-45.0,obstacle,,,
4290.0,0.0,obstacle,,,
4650.0,-75.0,obstacle,,,
13095.0,90.0,obstacle,,,
4200.0,1275.0,obstacle,,,
12810.0,-150.0,obstacle,,,
9675.0,-435.0,obstacle,,,
12765.0,840.0,obstacle,,,
3960.0,1275.0,obstacle,,,
4740.0,75.0,obstacle,,,
3165.0,165.0,obstacle,,,
4980.0,-75.0,obstacle,,,
13095.0,840.0,obstacle,,,
4005.0,645.0,obstacle,,,
12810.0,600.0,obstacle,,,
9615.0,-45.0,obstacle,,,
3495.0,165.0,obstacle,,,
9375.0,-435.0,obstacle,,,
12795.0,90.0,obstacle,,,
4905.0,-240.0,obstacle,,,
4275.0,-645.0,obstacle,,,
3480.0,-480.0,obstacle,,,
4035.0,-645.0,obstacle,,,
10275.0,-435.0,obstacle,,,
4935.0,-1035.0,obstacle,,,
13395.0,225.0,obstacle,,,
9840.0,-345.0,obstacle,,,
3150.0,795.0,obstacle,,,
10185.0,-45.0,obstacle,,,
12780.0,-210.0,obstacle,,,
4950.0,405.0,obstacle,,,
4680.0,-75.0,obstacle,,,
4230.0,1275.0,obstacle,,,
12840.0,-150.0,obstacle,,,
